#
# A fatal error has been detected by the Java Runtime Environment:
#
#  SIGSEGV (0xb) at pc=0x00007f0f93881b23, pid=67156, tid=67258
#
# JRE version: OpenJDK Runtime Environment Temurin-25.0.3+9 (25.0.3+9) (build 25.0.3+9-LTS)
# Java VM: OpenJDK 64-Bit Server VM Temurin-25.0.3+9 (25.0.3+9-LTS, mixed mode, sharing, tiered, compressed oops, compressed class ptrs, g1 gc, linux-amd64)
# Problematic frame:
# j  java.lang.invoke.DirectMethodHandle$Holder.newInvokeSpecial(Ljava/lang/Object;Ljava/lang/Object;)Ljava/lang/Object;+16 java.base@25.0.3
#
# Core dump will be written. Default location: Determined by the following: "/usr/lib/systemd/systemd-coredump %P %u %g %s %t %c %h %d %F" (alternatively, falling back to /home/flacreuse/git/sekoya/sekoya-app/core.67156)
#
# If you would like to submit a bug report, please visit:
#   https://github.com/adoptium/adoptium-support/issues
#

---------------  S U M M A R Y ------------

Command Line: -XX:+ShowCodeDetailsInExceptionMessages -agentlib:jdwp=transport=dt_socket,suspend=y,address=localhost:45555 -Dfile.encoding=UTF-8 -Dstdout.encoding=UTF-8 -Dstderr.encoding=UTF-8 sekoya.app.SekoyaApplicationMain

Host: 12th Gen Intel(R) Core(TM) i7-1270P, 16 cores, 31G, Fedora release 43 (Forty Three)
Time: Mon May 25 11:17:10 2026 CEST elapsed time: 210.972064 seconds (0d 0h 3m 30s)

---------------  T H R E A D  ---------------

Current thread (0x00007f0fa5fdc200):  JavaThread "http-nio-8080-exec-1" daemon [_thread_in_Java, id=67258, stack(0x00007f0f491f5000,0x00007f0f492f5000) (1024K)]

Stack: [0x00007f0f491f5000,0x00007f0f492f5000],  sp=0x00007f0f492ef1d0,  free space=1000k
Native frames: (J=compiled Java code, j=interpreted, Vv=VM code, C=native code)
j  java.lang.invoke.DirectMethodHandle$Holder.newInvokeSpecial(Ljava/lang/Object;Ljava/lang/Object;)Ljava/lang/Object;+16 java.base@25.0.3
J 13468 c2 java.lang.invoke.LambdaForm$MH+0x0000000027060400.invoke(Ljava/lang/Object;Ljava/lang/Object;)Ljava/lang/Object; java.base@25.0.3 (35 bytes) @ 0x00007f0f94297424 [0x00007f0f94297380+0x00000000000000a4]
J 7699 c2 java.lang.reflect.Constructor.newInstanceWithCaller([Ljava/lang/Object;ZLjava/lang/Class;)Ljava/lang/Object; java.base@25.0.3 (51 bytes) @ 0x00007f0f9444b2c0 [0x00007f0f9444b000+0x00000000000002c0]
J 6500 c2 java.lang.reflect.Constructor.newInstance([Ljava/lang/Object;)Ljava/lang/Object; java.base@25.0.3 (34 bytes) @ 0x00007f0f93fb6d68 [0x00007f0f93fb6d00+0x0000000000000068]
j  org.apache.wicket.session.DefaultPageFactory.newPage(Ljava/lang/reflect/Constructor;Lorg/apache/wicket/request/mapper/parameter/PageParameters;)Lorg/apache/wicket/request/component/IRequestablePage;+13
j  org.apache.wicket.session.DefaultPageFactory.newPage(Ljava/lang/Class;)Lorg/apache/wicket/request/component/IRequestablePage;+48
J 17027 c1 org.apache.wicket.core.request.handler.PageProvider$Provision.getPage()Lorg/apache/wicket/request/component/IRequestablePage; (49 bytes) @ 0x00007f0f8d9bedfc [0x00007f0f8d9be400+0x00000000000009fc]
J 17028 c1 org.apache.wicket.core.request.handler.PageProvider.getPageInstance()Lorg/apache/wicket/request/component/IRequestablePage; (38 bytes) @ 0x00007f0f8d9bc6cc [0x00007f0f8d9bc480+0x000000000000024c]
j  org.apache.wicket.request.handler.render.PageRenderer.getPage()Lorg/apache/wicket/request/component/IRequestablePage;+4
j  org.apache.wicket.request.handler.render.WebPageRenderer.respond(Lorg/apache/wicket/request/cycle/RequestCycle;)V+190
j  org.apache.wicket.core.request.handler.RenderPageRequestHandler.respond(Lorg/apache/wicket/request/IRequestCycle;)V+21
j  org.apache.wicket.request.cycle.RequestCycle$HandlerExecutor.respond(Lorg/apache/wicket/request/IRequestHandler;)V+13
j  org.apache.wicket.request.RequestHandlerExecutor.execute(Lorg/apache/wicket/request/IRequestHandler;)Lorg/apache/wicket/request/IRequestHandler;+7
j  org.apache.wicket.request.cycle.RequestCycle.execute(Lorg/apache/wicket/request/IRequestHandler;)V+25
j  org.apache.wicket.request.cycle.RequestCycle.processRequest()Z+47
j  org.apache.wicket.protocol.http.WicketFilter.processRequestCycle(Lorg/apache/wicket/request/cycle/RequestCycle;Lorg/apache/wicket/request/http/WebResponse;Ljakarta/servlet/http/HttpServletRequest;Ljakarta/servlet/http/HttpServletResponse;Ljakarta/servlet/FilterChain;)Z+1
j  org.apache.wicket.protocol.http.WicketFilter.processRequest(Ljakarta/servlet/ServletRequest;Ljakarta/servlet/ServletResponse;Ljakarta/servlet/FilterChain;)Z+363
j  org.apache.wicket.protocol.http.WicketFilter.doFilter(Ljakarta/servlet/ServletRequest;Ljakarta/servlet/ServletResponse;Ljakarta/servlet/FilterChain;)V+4
j  org.apache.catalina.core.ApplicationFilterChain.doFilter(Ljakarta/servlet/ServletRequest;Ljakarta/servlet/ServletResponse;)V+69
j  org.springframework.web.filter.CompositeFilter$VirtualFilterChain.doFilter(Ljakarta/servlet/ServletRequest;Ljakarta/servlet/ServletResponse;)V+22
j  org.springframework.security.web.FilterChainProxy.lambda$doFilterInternal$3(Lorg/springframework/security/web/firewall/FirewalledRequest;Ljakarta/servlet/FilterChain;Ljakarta/servlet/ServletRequest;Ljakarta/servlet/ServletResponse;)V+35
j  org.springframework.security.web.FilterChainProxy$$Lambda+0x0000000028256b50.doFilter(Ljakarta/servlet/ServletRequest;Ljakarta/servlet/ServletResponse;)V+10
j  org.springframework.security.web.ObservationFilterChainDecorator$FilterObservation$SimpleFilterObservation.lambda$wrap$1(Ljakarta/servlet/FilterChain;Ljakarta/servlet/ServletRequest;Ljakarta/servlet/ServletResponse;)V+24
j  org.springframework.security.web.ObservationFilterChainDecorator$FilterObservation$SimpleFilterObservation$$Lambda+0x0000000028266008.doFilter(Ljakarta/servlet/ServletRequest;Ljakarta/servlet/ServletResponse;)V+10
j  org.springframework.security.web.ObservationFilterChainDecorator$AroundFilterObservation$SimpleAroundFilterObservation.lambda$wrap$1(Ljakarta/servlet/FilterChain;Ljakarta/servlet/ServletRequest;Ljakarta/servlet/ServletResponse;)V+7
j  org.springframework.security.web.ObservationFilterChainDecorator$AroundFilterObservation$SimpleAroundFilterObservation$$Lambda+0x0000000028266238.doFilter(Ljakarta/servlet/ServletRequest;Ljakarta/servlet/ServletResponse;)V+10
j  org.springframework.security.web.ObservationFilterChainDecorator.lambda$wrapSecured$0(Ljakarta/servlet/FilterChain;Ljakarta/servlet/ServletRequest;Ljakarta/servlet/ServletResponse;)V+47
j  org.springframework.security.web.ObservationFilterChainDecorator$$Lambda+0x0000000028256fb0.doFilter(Ljakarta/servlet/ServletRequest;Ljakarta/servlet/ServletResponse;)V+10
J 18563 c1 org.springframework.security.web.ObservationFilterChainDecorator$VirtualFilterChain.doFilter(Ljakarta/servlet/ServletRequest;Ljakarta/servlet/ServletResponse;)V (106 bytes) @ 0x00007f0f8db54154 [0x00007f0f8db53700+0x0000000000000a54]
j  org.springframework.security.web.access.intercept.AuthorizationFilter.doFilter(Ljakarta/servlet/ServletRequest;Ljakarta/servlet/ServletResponse;Ljakarta/servlet/FilterChain;)V+147
j  org.springframework.security.web.ObservationFilterChainDecorator$ObservationFilter.wrapFilter(Ljakarta/servlet/ServletRequest;Ljakarta/servlet/ServletResponse;Ljakarta/servlet/FilterChain;)V+106
j  org.springframework.security.web.ObservationFilterChainDecorator$ObservationFilter.doFilter(Ljakarta/servlet/ServletRequest;Ljakarta/servlet/ServletResponse;Ljakarta/servlet/FilterChain;)V+46
J 18563 c1 org.springframework.security.web.ObservationFilterChainDecorator$VirtualFilterChain.doFilter(Ljakarta/servlet/ServletRequest;Ljakarta/servlet/ServletResponse;)V (106 bytes) @ 0x00007f0f8db5407c [0x00007f0f8db53700+0x000000000000097c]
j  org.springframework.security.web.access.ExceptionTranslationFilter.doFilter(Ljakarta/servlet/http/HttpServletRequest;Ljakarta/servlet/http/HttpServletResponse;Ljakarta/servlet/FilterChain;)V+3
j  org.springframework.security.web.access.ExceptionTranslationFilter.doFilter(Ljakarta/servlet/ServletRequest;Ljakarta/servlet/ServletResponse;Ljakarta/servlet/FilterChain;)V+10
j  org.springframework.security.web.ObservationFilterChainDecorator$ObservationFilter.wrapFilter(Ljakarta/servlet/ServletRequest;Ljakarta/servlet/ServletResponse;Ljakarta/servlet/FilterChain;)V+106
j  org.springframework.security.web.ObservationFilterChainDecorator$ObservationFilter.doFilter(Ljakarta/servlet/ServletRequest;Ljakarta/servlet/ServletResponse;Ljakarta/servlet/FilterChain;)V+46
J 18563 c1 org.springframework.security.web.ObservationFilterChainDecorator$VirtualFilterChain.doFilter(Ljakarta/servlet/ServletRequest;Ljakarta/servlet/ServletResponse;)V (106 bytes) @ 0x00007f0f8db5407c [0x00007f0f8db53700+0x000000000000097c]
j  org.springframework.security.web.session.SessionManagementFilter.doFilter(Ljakarta/servlet/http/HttpServletRequest;Ljakarta/servlet/http/HttpServletResponse;Ljakarta/servlet/FilterChain;)V+223
j  org.springframework.security.web.session.SessionManagementFilter.doFilter(Ljakarta/servlet/ServletRequest;Ljakarta/servlet/ServletResponse;Ljakarta/servlet/FilterChain;)V+10
j  org.springframework.security.web.ObservationFilterChainDecorator$ObservationFilter.wrapFilter(Ljakarta/servlet/ServletRequest;Ljakarta/servlet/ServletResponse;Ljakarta/servlet/FilterChain;)V+106
j  org.springframework.security.web.ObservationFilterChainDecorator$ObservationFilter.doFilter(Ljakarta/servlet/ServletRequest;Ljakarta/servlet/ServletResponse;Ljakarta/servlet/FilterChain;)V+46
J 18563 c1 org.springframework.security.web.ObservationFilterChainDecorator$VirtualFilterChain.doFilter(Ljakarta/servlet/ServletRequest;Ljakarta/servlet/ServletResponse;)V (106 bytes) @ 0x00007f0f8db5407c [0x00007f0f8db53700+0x000000000000097c]
j  org.springframework.security.web.authentication.AnonymousAuthenticationFilter.doFilter(Ljakarta/servlet/ServletRequest;Ljakarta/servlet/ServletResponse;Ljakarta/servlet/FilterChain;)V+33
j  org.springframework.security.web.ObservationFilterChainDecorator$ObservationFilter.wrapFilter(Ljakarta/servlet/ServletRequest;Ljakarta/servlet/ServletResponse;Ljakarta/servlet/FilterChain;)V+106
j  org.springframework.security.web.ObservationFilterChainDecorator$ObservationFilter.doFilter(Ljakarta/servlet/ServletRequest;Ljakarta/servlet/ServletResponse;Ljakarta/servlet/FilterChain;)V+46
J 18563 c1 org.springframework.security.web.ObservationFilterChainDecorator$VirtualFilterChain.doFilter(Ljakarta/servlet/ServletRequest;Ljakarta/servlet/ServletResponse;)V (106 bytes) @ 0x00007f0f8db5407c [0x00007f0f8db53700+0x000000000000097c]
j  org.springframework.security.web.servletapi.SecurityContextHolderAwareRequestFilter.doFilter(Ljakarta/servlet/ServletRequest;Ljakarta/servlet/ServletResponse;Ljakarta/servlet/FilterChain;)V+19
j  org.springframework.security.web.ObservationFilterChainDecorator$ObservationFilter.wrapFilter(Ljakarta/servlet/ServletRequest;Ljakarta/servlet/ServletResponse;Ljakarta/servlet/FilterChain;)V+106
j  org.springframework.security.web.ObservationFilterChainDecorator$ObservationFilter.doFilter(Ljakarta/servlet/ServletRequest;Ljakarta/servlet/ServletResponse;Ljakarta/servlet/FilterChain;)V+46
J 18563 c1 org.springframework.security.web.ObservationFilterChainDecorator$VirtualFilterChain.doFilter(Ljakarta/servlet/ServletRequest;Ljakarta/servlet/ServletResponse;)V (106 bytes) @ 0x00007f0f8db5407c [0x00007f0f8db53700+0x000000000000097c]
j  org.springframework.security.web.savedrequest.RequestCacheAwareFilter.doFilter(Ljakarta/servlet/ServletRequest;Ljakarta/servlet/ServletResponse;Ljakarta/servlet/FilterChain;)V+32
j  org.springframework.security.web.ObservationFilterChainDecorator$ObservationFilter.wrapFilter(Ljakarta/servlet/ServletRequest;Ljakarta/servlet/ServletResponse;Ljakarta/servlet/FilterChain;)V+106
j  org.springframework.security.web.ObservationFilterChainDecorator$ObservationFilter.doFilter(Ljakarta/servlet/ServletRequest;Ljakarta/servlet/ServletResponse;Ljakarta/servlet/FilterChain;)V+46
J 18563 c1 org.springframework.security.web.ObservationFilterChainDecorator$VirtualFilterChain.doFilter(Ljakarta/servlet/ServletRequest;Ljakarta/servlet/ServletResponse;)V (106 bytes) @ 0x00007f0f8db5407c [0x00007f0f8db53700+0x000000000000097c]
j  org.springframework.security.web.authentication.logout.LogoutFilter.doFilter(Ljakarta/servlet/http/HttpServletRequest;Ljakarta/servlet/http/HttpServletResponse;Ljakarta/servlet/FilterChain;)V+83
j  org.springframework.security.web.authentication.logout.LogoutFilter.doFilter(Ljakarta/servlet/ServletRequest;Ljakarta/servlet/ServletResponse;Ljakarta/servlet/FilterChain;)V+10
j  org.springframework.security.web.ObservationFilterChainDecorator$ObservationFilter.wrapFilter(Ljakarta/servlet/ServletRequest;Ljakarta/servlet/ServletResponse;Ljakarta/servlet/FilterChain;)V+106
j  org.springframework.security.web.ObservationFilterChainDecorator$ObservationFilter.doFilter(Ljakarta/servlet/ServletRequest;Ljakarta/servlet/ServletResponse;Ljakarta/servlet/FilterChain;)V+46
J 18563 c1 org.springframework.security.web.ObservationFilterChainDecorator$VirtualFilterChain.doFilter(Ljakarta/servlet/ServletRequest;Ljakarta/servlet/ServletResponse;)V (106 bytes) @ 0x00007f0f8db5407c [0x00007f0f8db53700+0x000000000000097c]
j  org.springframework.security.web.context.SecurityContextHolderFilter.doFilter(Ljakarta/servlet/http/HttpServletRequest;Ljakarta/servlet/http/HttpServletResponse;Ljakarta/servlet/FilterChain;)V+59
j  org.springframework.security.web.context.SecurityContextHolderFilter.doFilter(Ljakarta/servlet/ServletRequest;Ljakarta/servlet/ServletResponse;Ljakarta/servlet/FilterChain;)V+10
j  org.springframework.security.web.ObservationFilterChainDecorator$ObservationFilter.wrapFilter(Ljakarta/servlet/ServletRequest;Ljakarta/servlet/ServletResponse;Ljakarta/servlet/FilterChain;)V+106
j  org.springframework.security.web.ObservationFilterChainDecorator$ObservationFilter.doFilter(Ljakarta/servlet/ServletRequest;Ljakarta/servlet/ServletResponse;Ljakarta/servlet/FilterChain;)V+46
J 18563 c1 org.springframework.security.web.ObservationFilterChainDecorator$VirtualFilterChain.doFilter(Ljakarta/servlet/ServletRequest;Ljakarta/servlet/ServletResponse;)V (106 bytes) @ 0x00007f0f8db5407c [0x00007f0f8db53700+0x000000000000097c]
j  org.springframework.security.web.context.request.async.WebAsyncManagerIntegrationFilter.doFilterInternal(Ljakarta/servlet/http/HttpServletRequest;Ljakarta/servlet/http/HttpServletResponse;Ljakarta/servlet/FilterChain;)V+55
j  org.springframework.web.filter.OncePerRequestFilter.doFilter(Ljakarta/servlet/ServletRequest;Ljakarta/servlet/ServletResponse;Ljakarta/servlet/FilterChain;)V+150
j  org.springframework.security.web.ObservationFilterChainDecorator$ObservationFilter.wrapFilter(Ljakarta/servlet/ServletRequest;Ljakarta/servlet/ServletResponse;Ljakarta/servlet/FilterChain;)V+106
j  org.springframework.security.web.ObservationFilterChainDecorator$ObservationFilter.doFilter(Ljakarta/servlet/ServletRequest;Ljakarta/servlet/ServletResponse;Ljakarta/servlet/FilterChain;)V+46
J 18563 c1 org.springframework.security.web.ObservationFilterChainDecorator$VirtualFilterChain.doFilter(Ljakarta/servlet/ServletRequest;Ljakarta/servlet/ServletResponse;)V (106 bytes) @ 0x00007f0f8db5407c [0x00007f0f8db53700+0x000000000000097c]
j  org.springframework.security.web.session.DisableEncodeUrlFilter.doFilterInternal(Ljakarta/servlet/http/HttpServletRequest;Ljakarta/servlet/http/HttpServletResponse;Ljakarta/servlet/FilterChain;)V+10
j  org.springframework.web.filter.OncePerRequestFilter.doFilter(Ljakarta/servlet/ServletRequest;Ljakarta/servlet/ServletResponse;Ljakarta/servlet/FilterChain;)V+150
j  org.springframework.security.web.ObservationFilterChainDecorator$ObservationFilter.wrapFilter(Ljakarta/servlet/ServletRequest;Ljakarta/servlet/ServletResponse;Ljakarta/servlet/FilterChain;)V+106
j  org.springframework.security.web.ObservationFilterChainDecorator$ObservationFilter$$Lambda+0x0000000028258de0.doFilter(Ljakarta/servlet/ServletRequest;Ljakarta/servlet/ServletResponse;Ljakarta/servlet/FilterChain;)V+7
j  org.springframework.security.web.ObservationFilterChainDecorator$AroundFilterObservation$SimpleAroundFilterObservation.lambda$wrap$0(Ljakarta/servlet/Filter;Ljakarta/servlet/ServletRequest;Ljakarta/servlet/ServletResponse;Ljakarta/servlet/FilterChain;)V+9
j  org.springframework.security.web.ObservationFilterChainDecorator$AroundFilterObservation$SimpleAroundFilterObservation$$Lambda+0x0000000028259030.doFilter(Ljakarta/servlet/ServletRequest;Ljakarta/servlet/ServletResponse;Ljakarta/servlet/FilterChain;)V+11
j  org.springframework.security.web.ObservationFilterChainDecorator$ObservationFilter.doFilter(Ljakarta/servlet/ServletRequest;Ljakarta/servlet/ServletResponse;Ljakarta/servlet/FilterChain;)V+34
J 18563 c1 org.springframework.security.web.ObservationFilterChainDecorator$VirtualFilterChain.doFilter(Ljakarta/servlet/ServletRequest;Ljakarta/servlet/ServletResponse;)V (106 bytes) @ 0x00007f0f8db5407c [0x00007f0f8db53700+0x000000000000097c]
j  org.springframework.security.web.FilterChainProxy.doFilterInternal(Ljakarta/servlet/ServletRequest;Ljakarta/servlet/ServletResponse;Ljakarta/servlet/FilterChain;)V+163
j  org.springframework.security.web.FilterChainProxy.doFilter(Ljakarta/servlet/ServletRequest;Ljakarta/servlet/ServletResponse;Ljakarta/servlet/FilterChain;)V+48
j  org.springframework.web.filter.CompositeFilter$VirtualFilterChain.doFilter(Ljakarta/servlet/ServletRequest;Ljakarta/servlet/ServletResponse;)V+63
j  org.springframework.web.filter.ServletRequestPathFilter.doFilter(Ljakarta/servlet/ServletRequest;Ljakarta/servlet/ServletResponse;Ljakarta/servlet/FilterChain;)V+25
j  org.springframework.web.filter.CompositeFilter$VirtualFilterChain.doFilter(Ljakarta/servlet/ServletRequest;Ljakarta/servlet/ServletResponse;)V+63
j  org.springframework.web.filter.CompositeFilter.doFilter(Ljakarta/servlet/ServletRequest;Ljakarta/servlet/ServletResponse;Ljakarta/servlet/FilterChain;)V+14
j  org.springframework.security.config.annotation.web.configuration.WebSecurityConfiguration$CompositeFilterChainProxy.doFilter(Ljakarta/servlet/ServletRequest;Ljakarta/servlet/ServletResponse;Ljakarta/servlet/FilterChain;)V+7
j  org.springframework.web.filter.DelegatingFilterProxy.invokeDelegate(Ljakarta/servlet/Filter;Ljakarta/servlet/ServletRequest;Ljakarta/servlet/ServletResponse;Ljakarta/servlet/FilterChain;)V+5
j  org.springframework.web.filter.DelegatingFilterProxy.doFilter(Ljakarta/servlet/ServletRequest;Ljakarta/servlet/ServletResponse;Ljakarta/servlet/FilterChain;)V+98
j  org.apache.catalina.core.ApplicationFilterChain.doFilter(Ljakarta/servlet/ServletRequest;Ljakarta/servlet/ServletResponse;)V+69
j  org.springframework.web.filter.RequestContextFilter.doFilterInternal(Ljakarta/servlet/http/HttpServletRequest;Ljakarta/servlet/http/HttpServletResponse;Ljakarta/servlet/FilterChain;)V+21
j  org.springframework.web.filter.OncePerRequestFilter.doFilter(Ljakarta/servlet/ServletRequest;Ljakarta/servlet/ServletResponse;Ljakarta/servlet/FilterChain;)V+150
j  org.apache.catalina.core.ApplicationFilterChain.doFilter(Ljakarta/servlet/ServletRequest;Ljakarta/servlet/ServletResponse;)V+69
j  org.springframework.web.filter.FormContentFilter.doFilterInternal(Ljakarta/servlet/http/HttpServletRequest;Ljakarta/servlet/http/HttpServletResponse;Ljakarta/servlet/FilterChain;)V+38
j  org.springframework.web.filter.OncePerRequestFilter.doFilter(Ljakarta/servlet/ServletRequest;Ljakarta/servlet/ServletResponse;Ljakarta/servlet/FilterChain;)V+150
j  org.apache.catalina.core.ApplicationFilterChain.doFilter(Ljakarta/servlet/ServletRequest;Ljakarta/servlet/ServletResponse;)V+69
j  org.springframework.web.filter.ServerHttpObservationFilter.doFilterInternal(Ljakarta/servlet/http/HttpServletRequest;Ljakarta/servlet/http/HttpServletResponse;Ljakarta/servlet/FilterChain;)V+28
j  org.springframework.web.filter.OncePerRequestFilter.doFilter(Ljakarta/servlet/ServletRequest;Ljakarta/servlet/ServletResponse;Ljakarta/servlet/FilterChain;)V+150
j  org.apache.catalina.core.ApplicationFilterChain.doFilter(Ljakarta/servlet/ServletRequest;Ljakarta/servlet/ServletResponse;)V+69
j  org.springframework.orm.jpa.support.OpenEntityManagerInViewFilter.doFilterInternal(Ljakarta/servlet/http/HttpServletRequest;Ljakarta/servlet/http/HttpServletResponse;Ljakarta/servlet/FilterChain;)V+155
j  org.springframework.web.filter.OncePerRequestFilter.doFilter(Ljakarta/servlet/ServletRequest;Ljakarta/servlet/ServletResponse;Ljakarta/servlet/FilterChain;)V+150
j  org.apache.catalina.core.ApplicationFilterChain.doFilter(Ljakarta/servlet/ServletRequest;Ljakarta/servlet/ServletResponse;)V+69
...<more frames>...

siginfo: si_signo: 11 (SIGSEGV), si_code: 1 (SEGV_MAPERR), si_addr: 0xffffffffffffffff

Registers:
RAX=0x00007f0f582693d0, RBX=0x00007f0f580c9d28, RCX=0x000000002601a600, RDX=0x0000000000000002
RSP=0x00007f0f492ef1d0, RBP=0x00007f0f492ef230, RSI=0x00007f0fa5fdb1d0, RDI=0x0000000000000000
R8 =0x0000000000000004, R9 =0x0000000000000040, R10=0x00007f0fac402740, R11=0x0000000000000246
R12=0x0000000000000000, R13=0xfffffffffffffff7, R14=0x00007f0f492ef258, R15=0x00007f0fa5fdc200
RIP=0x00007f0f93881b23, EFLAGS=0x0000000000010282, CSGSFS=0x002b000000000033, ERR=0x0000000000000005
  TRAPNO=0x000000000000000e

XMM[0]=0x00007f0fa5fdc200 0x000000002620cad8
XMM[1]=0x0000000000000000 0x00007f0fa5fdc200
XMM[2]=0x0000000000000000 0x00007f0f9386b335
XMM[3]=0x0000000000000000 0x00000000000000ff
XMM[4]=0x0000000000000000 0x00007f0fa5fdc200
XMM[5]=0x0000000000000000 0x00007f0f938896e0
XMM[6]=0x0000000000000000 0x00007f0f94068dcc
XMM[7]=0x0000000000000000 0x00007f0f94297523
XMM[8]=0x437c1d2e39e50075 0xb12e44237c97227f
XMM[9]=0x24dbebf376a1926d 0x7390eba5ecad55d2
XMM[10]=0x06548ef3c43d4f6d 0xded560a52c145a3d
XMM[11]=0x94162c9694162c96 0x94162c9666a5d1f6
XMM[12]=0x0000000000000000 0x00000000d28fa560
XMM[13]=0x0000000000000000 0x00000000a154f210
XMM[14]=0x0000000000000000 0x0000000610726eb8
XMM[15]=0x0000000000000000 0x0000000000000000
  MXCSR=0x00001fa2


Register to memory mapping:

RAX=0x00007f0f582693d0 is pointing into metadata
RBX={method} {0x00007f0f580c9d28} 'linkToSpecial' '(Ljava/lang/Object;Ljava/lang/Object;Ljava/lang/invoke/MemberName;)V' in 'java/lang/invoke/MethodHandle'
RCX=0x000000002601a600 is pointing into metadata
RDX=0x0000000000000002 is an unknown value
RSP=0x00007f0f492ef1d0 is pointing into the stack for thread: 0x00007f0fa5fdc200
RBP=0x00007f0f492ef230 is pointing into the stack for thread: 0x00007f0fa5fdc200
RSI=0x00007f0fa5fdb1d0 points into unknown readable memory: 0x0000001e00000003 | 03 00 00 00 1e 00 00 00
RDI=0x0 is null
R8 =0x0000000000000004 is an unknown value
R9 =0x0000000000000040 is an unknown value
R10=0x00007f0fac402740: <offset 0x0000000001802740> in /usr/lib/jvm/java-25-temurin-jdk/lib/server/libjvm.so at 0x00007f0faac00000
R11=0x0000000000000246 is an unknown value
R12=0x0 is null
R13=0xfffffffffffffff7 is an unknown value
R14=0x00007f0f492ef258 is pointing into the stack for thread: 0x00007f0fa5fdc200
R15=0x00007f0fa5fdc200 is a thread

Top of Stack: (sp=0x00007f0f492ef1d0)
0x00007f0f492ef1d0:   00007f0f93867b54 00000006202adc38   T{......8.* ....
0x00007f0f492ef1e0:   00000006202adc70 fffffffffffffff7   p.* ............
0x00007f0f492ef1f0:   0000000026829688 0000000000000005   ...&............
0x00007f0f492ef200:   000000002620ae10 00007f0f582693c8   .. &......&X....
0x00007f0f492ef210:   000000061040bb70 000000002620cad8   p.@....... &....
0x00007f0f492ef220:   0000000000000000 00007f0f492ef260   ........`..I....
0x00007f0f492ef230:   0000000614b01600 00007f0f94297523   ........#u).....
0x00007f0f492ef240:   0000000614b016a0 00000006202adc70   ........p.* ....
0x00007f0f492ef250:   00000006202adc38 0000000614b01600   8.* ............
0x00007f0f492ef260:   00000006202adc38 0000000614b015d8   8.* ............
0x00007f0f492ef270:   0000000614b016d0 00000006202adc38   ........8.* ....
0x00007f0f492ef280:   00007f0f94297424 0000000100000004   $t).............
0x00007f0f492ef290:   0000000614b015d8 00007f0f9444be4d   ........M.D.....
0x00007f0f492ef2a0:   00000006c4055b87 000000061537ccf0   .[........7.....
0x00007f0f492ef2b0:   00000007ffade708 00000006202adc58   ........X.* ....
0x00007f0f492ef2c0:   0000000100000001 00000006202adc58   ........X.* ....
0x00007f0f492ef2d0:   0000000614b015c0 0000000614b015d8   ................
0x00007f0f492ef2e0:   00007f0f492ef300 0000000000000002   ...I............
0x00007f0f492ef2f0:   00007f0f492ef340 00007f0fab6180be   @..I......a.....
0x00007f0f492ef300:   00007f0f9444b2c0 00007f0fa5fdc200   ..D.............
0x00007f0f492ef310:   000000061537ccf0 00007f0f93fb6ddb   ..7......m......
0x00007f0f492ef320:   00000006202adc58 00000007ffade708   X.* ............
0x00007f0f492ef330:   00007f0f93fb6d68 00000006202adc38   hm......8.* ....
0x00007f0f492ef340:   00007f0f492ef3a8 00007f0f93867faf   ...I............
0x00007f0f492ef350:   00000006202adc58 000000061537ccf0   X.* ......7.....
0x00007f0f492ef360:   fffffffffffffff7 00007f0f5bb84bfd   .........K.[....
0x00007f0f492ef370:   0000000000000005 00007f0eb14eb560   ........`.N.....
0x00007f0f492ef380:   0000000000000000 00000007ffade708   ................
0x00007f0f492ef390:   00007f0eb14eb020 fffffffffffffff5    .N.............
0x00007f0f492ef3a0:   00007f0f492ef3c0 00007f0f492ef428   ...I....(..I....
0x00007f0f492ef3b0:   00007f0f93867faf 0000000000000000   ................
0x00007f0f492ef3c0:   00000006202adc38 000000061537ccf0   8.* ......7.....

Instructions: (pc=0x00007f0f93881b23)
  0x00007f0f93881a23:   08 e9 05 00 00 00 e8 c2 07 d9 17 ff e0 49 83 7f
  0x00007f0f93881a33:   08 00 0f 84 05 00 00 00 e9 a0 e4 fd ff 4c 8b 6d
  0x00007f0f93881a43:   c0 4c 8b 75 c8 4e 8d 74 f5 00 c3 48 8b 4d d0 41
  0x00007f0f93881a53:   0f b7 55 01 48 8b 49 38 6b d2 18 48 8d 4c 11 08
  0x00007f0f93881a63:   48 8b 19 48 8b 5b 08 48 8b 5b 08 48 8b 5b 18 80
  0x00007f0f93881a73:   bb 30 01 00 00 04 0f 84 0d 00 00 00 4c 3b bb 38
  0x00007f0f93881a83:   01 00 00 0f 85 a3 fe ff ff 0f b6 51 15 48 8b 19
  0x00007f0f93881a93:   4c 89 6d c0 44 8b ea 0f b6 51 14 49 ba 40 27 40
  0x00007f0f93881aa3:   ac 0f 7f 00 00 49 8b 14 d2 52 41 8b d5 4c 8b 6d
  0x00007f0f93881ab3:   c0 48 8b 45 d8 48 85 c0 0f 84 0d 00 00 00 48 83
  0x00007f0f93881ac3:   40 08 01 48 83 c0 10 48 89 45 d8 48 8b 45 d8 48
  0x00007f0f93881ad3:   85 c0 0f 84 35 01 00 00 80 78 f0 0a 0f 85 2b 01
  0x00007f0f93881ae3:   00 00 48 83 c0 08 4c 8b 68 f8 41 83 ed 00 41 83
  0x00007f0f93881af3:   fd 02 0f 8c 0a 01 00 00 4c 8b 6b 08 45 0f b7 6d
  0x00007f0f93881b03:   2e 4c 2b 28 41 83 ed 01 4e 8b 6c ec 08 4d 85 ed
  0x00007f0f93881b13:   75 0e f6 40 08 01 75 54 f0 48 83 48 08 01 eb 4c
=>0x00007f0f93881b23:   45 8b 6d 08 41 ba 00 00 00 26 4d 03 ea 4d 8b d5
  0x00007f0f93881b33:   4c 33 68 08 49 f7 c5 fc ff ff ff 74 2f 41 f6 c5
  0x00007f0f93881b43:   02 75 29 48 83 78 08 00 74 1e 48 83 78 08 01 74
  0x00007f0f93881b53:   17 4d 8b ea 4c 33 68 08 49 f7 c5 fc ff ff ff 74
  0x00007f0f93881b63:   0b 48 83 48 08 02 eb 04 4c 89 68 08 48 83 c0 10
  0x00007f0f93881b73:   4c 8b 68 e8 41 83 ed 02 41 83 fd 02 0f 8c 80 00
  0x00007f0f93881b83:   00 00 4c 8b 6b 08 45 0f b7 6d 2e 4c 2b 28 41 83
  0x00007f0f93881b93:   ed 01 4e 8b 6c ec 08 4d 85 ed 75 0e f6 40 08 01
  0x00007f0f93881ba3:   75 54 f0 48 83 48 08 01 eb 4c 45 8b 6d 08 41 ba
  0x00007f0f93881bb3:   00 00 00 26 4d 03 ea 4d 8b d5 4c 33 68 08 49 f7
  0x00007f0f93881bc3:   c5 fc ff ff ff 74 2f 41 f6 c5 02 75 29 48 83 78
  0x00007f0f93881bd3:   08 00 74 1e 48 83 78 08 01 74 17 4d 8b ea 4c 33
  0x00007f0f93881be3:   68 08 49 f7 c5 fc ff ff ff 74 0b 48 83 48 08 02
  0x00007f0f93881bf3:   eb 04 4c 89 68 08 48 83 c0 10 4c 8b 68 d8 41 83
  0x00007f0f93881c03:   ed 04 41 c1 e5 03 49 03 c5 48 89 45 d8 4c 8d 6c
  0x00007f0f93881c13:   24 08 49 8b cd 48 2b cd 48 c1 f9 03 48 89 4d f0


Stack slot to memory mapping:

stack at sp + 0 slots: 0x00007f0f93867b54 is at code_begin+2964 in an Interpreter codelet
return entry points  [0x00007f0f93866fc0, 0x00007f0f93868cc0]  7424 bytes
stack at sp + 1 slots: 0x00000006202adc38 is an oop: org.apache.wicket.request.mapper.parameter.PageParameters 
{0x00000006202adc38} - klass: 'org/apache/wicket/request/mapper/parameter/PageParameters' - flags: 

 - ---- fields (total size 4 words):
 - private 'indexedParameters' 'Ljava/util/List;' @12  null (0x00000000)
 - private 'namedParameters' 'Ljava/util/List;' @16  null (0x00000000)
 - private 'fragment' 'Ljava/lang/String;' @20  null (0x00000000)
 - private 'locale' 'Ljava/util/Locale;' @24  a 'java/util/Locale'{0x000000061043ce00} (0xc20879c0)
stack at sp + 2 slots: 0x00000006202adc70 is an oop: sekoya.front.processus.page.ProcessusAddPage 
{0x00000006202adc70} - klass: 'sekoya/front/processus/page/ProcessusAddPage' - flags: 

 - ---- fields (total size 15 words):
 - private 'flags' 'I' @12  1073816730 (0x4001249a)
 - 'generatedMarkupId' 'I' @16  -1 (0xffffffff)
 - private transient 'requestFlags' 'S' @20  0 (0x0000)
 - private final 'id' 'Ljava/lang/String;' @24  null (0x00000000)
 - private 'parent' 'Lorg/apache/wicket/MarkupContainer;' @28  null (0x00000000)
 - private transient 'markup' 'Lorg/apache/wicket/markup/IMarkupFragment;' @32  null (0x00000000)
 - private transient 'markupSourcingStrategy' 'Lorg/apache/wicket/markup/html/panel/IMarkupSourcingStrategy;' @36  null (0x00000000)
 - 'data' 'Ljava/lang/Object;' @40  a 'igloo/bootstrap/tooltip/BootstrapTooltipBehavior'{0x000000061c23e4c8} (0xc3847c99)
 - private 'children' 'Ljava/lang/Object;' @44  a 'java/util/ArrayList'{0x000000061c23b4f0} (0xc384769e)
 - private transient 'queue' 'Lorg/apache/wicket/ComponentQueue;' @48  null (0x00000000)
 - private transient 'modCounter' 'I' @52  10 (0x0000000a)
 - private 'autoIndex' 'I' @56  0 (0x00000000)
 - private 'numericId' 'I' @60  5 (0x00000005)
 - private 'renderCount' 'I' @64  0 (0x00000000)
 - private transient 'renderedComponents' 'Ljava/util/Set;' @68  null (0x00000000)
 - private transient 'stateless' 'Ljava/lang/Boolean;' @72  null (0x00000000)
 - private final 'pageParameters' 'Lorg/apache/wicket/request/mapper/parameter/PageParameters;' @76  a 'org/apache/wicket/request/mapper/parameter/PageParameters'{0x00000006202adc38} (0xc4055b87)
 - protected final 'headPageTitlePrependedElementsModel' 'Lorg/apache/wicket/model/IModel;' @80  a 'org/apache/wicket/model/util/ListModel'{0x000000061c234ff0} (0xc38469fe)
 - protected final 'headPageTitleElementsModel' 'Lorg/apache/wicket/model/IModel;' @84  a 'org/apache/wicket/model/util/ListModel'{0x000000061c235018} (0xc3846a03)
 - protected final 'headPageTitleReversedModel' 'Lorg/apache/wicket/model/IModel;' @88  a 'org/apache/wicket/model/Model'{0x000000061c235040} (0xc3846a08)
 - protected final 'headPageTitleSeparatorModel' 'Lorg/apache/wicket/model/IModel;' @92  a 'org/apache/wicket/model/Model'{0x000000061c235050} (0xc3846a0a)
 - protected final 'headPageTitleSeparatorReverseModel' 'Lorg/apache/wicket/model/IModel;' @96  a 'org/apache/wicket/model/Model'{0x000000061c235060} (0xc3846a0c)
 - protected final 'bodyBreadCrumbPrependedElementsModel' 'Lorg/apache/wicket/model/IModel;' @100  a 'org/apache/wicket/model/util/ListModel'{0x000000061c235070} (0xc3846a0e)
 - protected final 'breadCrumbElementsModel' 'Lorg/apache/wicket/model/IModel;' @104  a 'org/apache/wicket/model/util/ListModel'{0x000000061c235098} (0xc3846a13)
 - private 'propertyService' 'Lorg/iglooproject/spring/property/service/IPropertyService;' @108  a 'jdk/proxy4/$Proxy299'{0x0000000614d0a2c0} (0xc29a1458)
 - private 'securityManagementController' 'Lsekoya/back/security/service/controller/ISecurityManagementControllerService;' @112  a 'jdk/proxy4/$Proxy303'{0x0000000614cfdfa8} (0xc299fbf5)
 - private 'authenticationService' 'Lsekoya/back/security/service/ISekoyaAuthenticationService;' @116  a 'jdk/proxy4/$Proxy301'{0x0000000614d9a2e0} (0xc29b345c)
stack at sp + 3 slots: 0xfffffffffffffff7 is an unknown value
stack at sp + 4 slots: 0x0000000026829688 is pointing into metadata
stack at sp + 5 slots: 0x0000000000000005 is an unknown value
stack at sp + 6 slots: 0x000000002620ae10 is pointing into metadata
stack at sp + 7 slots: 0x00007f0f582693c8 is pointing into metadata

Lock stack of current Java thread (top to bottom):

invokestatic  184 invokestatic  [0x00007f0f938818e0, 0x00007f0f93881c38]  856 bytes
[MachCode]
  0x00007f0f938818e0: 4883 ec08 | c5fa 1104 | 24eb 1f48 | 83ec 10c5 | fb11 0424 | eb14 4883 | ec10 4889 | 0424 48c7 
  0x00007f0f93881900: 4424 0800 | 0000 00eb | 0150 488b | 4dd0 410f | b755 0148 | 8b49 386b | d218 488d | 4c11 080f 
  0x00007f0f93881920: b659 1681 | fbb8 0000 | 000f 8434 | 0100 00bb | b800 0000 | e805 0000 | 00e9 1001 | 0000 488b 
  0x00007f0f93881940: f348 8d44 | 2408 4c89 | 6dc0 498b | ffc5 f877 | 4989 af90 | 0400 0049 | 8987 8004 | 0000 40f6 
  0x00007f0f93881960: c40f 0f84 | 1200 0000 | 4883 ec08 | e89f 97d9 | 1748 83c4 | 08e9 0500 | 0000 e891 | 97d9 1749 
  0x00007f0f93881980: c787 8004 | 0000 0000 | 0000 49c7 | 8790 0400 | 0000 0000 | 0049 c787 | 8804 0000 | 0000 0000 
  0x00007f0f938819a0: c5f8 7741 | 8bbf 0c06 | 0000 40f6 | c701 0f84 | 2d00 0000 | 40f6 c702 | 0f85 2300 | 0000 40f6 
  0x00007f0f938819c0: c40f 0f84 | 1200 0000 | 4883 ec08 | e8df 07d9 | 1748 83c4 | 08e9 0500 | 0000 e8d1 | 07d9 17ff 
  0x00007f0f938819e0: e049 8bbf | f806 0000 | 4885 ff0f | 843f 0000 | 008b bf9c | 0000 0083 | ff01 0f85 | 3000 0000 
  0x00007f0f93881a00: 498b bff8 | 0600 008b | bfa0 0000 | 0040 f6c4 | 0f0f 8412 | 0000 0048 | 83ec 08e8 | d007 d917 
  0x00007f0f93881a20: 4883 c408 | e905 0000 | 00e8 c207 | d917 ffe0 | 4983 7f08 | 000f 8405 | 0000 00e9 | a0e4 fdff 
  0x00007f0f93881a40: 4c8b 6dc0 | 4c8b 75c8 | 4e8d 74f5 | 00c3 488b | 4dd0 410f | b755 0148 | 8b49 386b | d218 488d 
  0x00007f0f93881a60: 4c11 0848 | 8b19 488b | 5b08 488b | 5b08 488b | 5b18 80bb | 3001 0000 | 040f 840d | 0000 004c 
  0x00007f0f93881a80: 3bbb 3801 | 0000 0f85 | a3fe ffff | 0fb6 5115 | 488b 194c | 896d c044 | 8bea 0fb6 | 5114 49ba 
  0x00007f0f93881aa0: 4027 40ac | 0f7f 0000 | 498b 14d2 | 5241 8bd5 | 4c8b 6dc0 | 488b 45d8 | 4885 c00f | 840d 0000 
  0x00007f0f93881ac0: 0048 8340 | 0801 4883 | c010 4889 | 45d8 488b | 45d8 4885 | c00f 8435 | 0100 0080 | 78f0 0a0f 
  0x00007f0f93881ae0: 852b 0100 | 0048 83c0 | 084c 8b68 | f841 83ed | 0041 83fd | 020f 8c0a | 0100 004c | 8b6b 0845 
  0x00007f0f93881b00: 0fb7 6d2e | 4c2b 2841 | 83ed 014e | 8b6c ec08 | 4d85 ed75 | 0ef6 4008 | 0175 54f0 | 4883 4808 
  0x00007f0f93881b20: 01eb 4c45 | 8b6d 0841 | ba00 0000 | 264d 03ea | 4d8b d54c | 3368 0849 | f7c5 fcff | ffff 742f 
  0x00007f0f93881b40: 41f6 c502 | 7529 4883 | 7808 0074 | 1e48 8378 | 0801 7417 | 4d8b ea4c | 3368 0849 | f7c5 fcff 
  0x00007f0f93881b60: ffff 740b | 4883 4808 | 02eb 044c | 8968 0848 | 83c0 104c | 8b68 e841 | 83ed 0241 | 83fd 020f 
  0x00007f0f93881b80: 8c80 0000 | 004c 8b6b | 0845 0fb7 | 6d2e 4c2b | 2841 83ed | 014e 8b6c | ec08 4d85 | ed75 0ef6 
  0x00007f0f93881ba0: 4008 0175 | 54f0 4883 | 4808 01eb | 4c45 8b6d | 0841 ba00 | 0000 264d | 03ea 4d8b | d54c 3368 
  0x00007f0f93881bc0: 0849 f7c5 | fcff ffff | 742f 41f6 | c502 7529 | 4883 7808 | 0074 1e48 | 8378 0801 | 7417 4d8b 
  0x00007f0f93881be0: ea4c 3368 | 0849 f7c5 | fcff ffff | 740b 4883 | 4808 02eb | 044c 8968 | 0848 83c0 | 104c 8b68 
  0x00007f0f93881c00: d841 83ed | 0441 c1e5 | 0349 03c5 | 4889 45d8 | 4c8d 6c24 | 0849 8bcd | 482b cd48 | c1f9 0348 
  0x00007f0f93881c20: 894d f041 | 80bf 0007 | 0000 0074 | 03ff 6338 | ff63 500f | 1f44 0000 
[/MachCode]

Compiled method (c2) 210974 13468       4       java.lang.invoke.LambdaForm$MH/0x0000000027060400::invoke (35 bytes)
 total in heap  [0x00007f0f94297288,0x00007f0f94297540] = 696
 main code      [0x00007f0f94297380,0x00007f0f94297500] = 384
 stub code      [0x00007f0f94297500,0x00007f0f94297538] = 56
 oops           [0x00007f0f94297538,0x00007f0f94297540] = 8
 mutable data [0x00007f0ed4007be0,0x00007f0ed4007c40] = 96
 relocation     [0x00007f0ed4007be0,0x00007f0ed4007c30] = 80
 metadata       [0x00007f0ed4007c30,0x00007f0ed4007c40] = 16
 immutable data [0x00007f0ed4007a40,0x00007f0ed4007bd8] = 408
 dependencies   [0x00007f0ed4007a40,0x00007f0ed4007a48] = 8
 nul chk table  [0x00007f0ed4007a48,0x00007f0ed4007a68] = 32
 handler table  [0x00007f0ed4007a68,0x00007f0ed4007a98] = 48
 scopes pcs     [0x00007f0ed4007a98,0x00007f0ed4007b38] = 160
 scopes data    [0x00007f0ed4007b38,0x00007f0ed4007bd8] = 160

[Constant Pool (empty)]

[MachCode]
[Verified Entry Point]
  # {method} {0x00007f0f584e5298} 'invoke' '(Ljava/lang/Object;Ljava/lang/Object;)Ljava/lang/Object;' in 'java/lang/invoke/LambdaForm$MH+0x0000000027060400'
  # parm0:    rsi:rsi   = 'java/lang/Object'
  # parm1:    rdx:rdx   = 'java/lang/Object'
  #           [sp+0x40]  (sp of caller)
  0x00007f0f94297380: 8984 2400 | c0fe ff55 | 4883 ec30 | 4181 7f20 | 0f00 0000 | 0f85 5c01 | 0000 4889 | 1424 448b 
  0x00007f0f942973a0: ;   {metadata('java/lang/invoke/BoundMethodHandle$Species_LL')}
  0x00007f0f942973a0: 5608 4181 | fa98 f736 | 000f 85a1 | 0000 0048 | 8974 2408 | 8b6e 2445 | 8b54 ec08 

  0x00007f0f942973bc: ;   {metadata('java/lang/invoke/BoundMethodHandle$Species_LL')}
  0x00007f0f942973bc: 4181 fa98 | f736 000f | 859f 0000 | 004d 8d14 | ec4c 8954 | 2410 498b 

  0x00007f0f942973d4: ;   {optimized virtual_call}
  0x00007f0f942973d4: f266 90e8 

  0x00007f0f942973d8: ; ImmutableOopMap {[0]=Oop [8]=Oop [16]=Oop }
                      ;*invokevirtual invokeBasic {reexecute=0 rethrow=0 return_oop=1}
                      ; - java.lang.invoke.LambdaForm$MH/0x0000000027060400::invoke@15
  0x00007f0f942973d8: a431 d2ff 

  0x00007f0f942973dc: ;   {post_call_nop}
  0x00007f0f942973dc: 0f1f 8400 | 5401 0000 | 4889 4424 | 184c 8b54 | 2408 418b | 6a20 458b 

  0x00007f0f942973f4: ;   {metadata('java/lang/invoke/MethodHandle')}
  0x00007f0f942973f4: 5cec 0849 | ba10 ea1e | 2600 0000 | 0041 b800 | 0000 264d | 03c3 4d8b | 5838 4d3b | da75 2948 
  0x00007f0f94297414: c1e5 0348 | 8bf5 488b 

  0x00007f0f9429741c: ;   {optimized virtual_call}
  0x00007f0f9429741c: d066 90e8 

  0x00007f0f94297420: ; ImmutableOopMap {rbp=Oop [0]=Oop [8]=Oop [16]=Oop [24]=Oop }
                      ;*invokevirtual invokeBasic {reexecute=0 rethrow=0 return_oop=1}
                      ; - java.lang.invoke.LambdaForm$MH/0x0000000027060400::invoke@31
  0x00007f0f94297420: 5c31 d2ff 

  0x00007f0f94297424: ;   {post_call_nop}
  0x00007f0f94297424: 0f1f 8400 | 9c01 0001 | 4883 c430 

  0x00007f0f94297430: ;   {poll_return}
  0x00007f0f94297430: 5d49 3b67 | 280f 87a5 | 0000 00c3 | bede ffff 

  0x00007f0f94297440: ;   {runtime_call UncommonTrapBlob}
  0x00007f0f94297440: ff66 90e8 

  0x00007f0f94297444: ; ImmutableOopMap {rbp=NarrowOop [0]=Oop [8]=Oop [16]=Oop [24]=Oop }
                      ;*checkcast {reexecute=0 rethrow=0 return_oop=0}
                      ; - java.lang.invoke.LambdaForm$MH/0x0000000027060400::invoke@27
  0x00007f0f94297444: 1888 6fff 

  0x00007f0f94297448: ;   {post_call_nop}
  0x00007f0f94297448: 0f1f 8400 | c001 0002 | 4889 7424 | 08be 5eff 

  0x00007f0f94297458: ;   {runtime_call UncommonTrapBlob}
  0x00007f0f94297458: ffff 90e8 

  0x00007f0f9429745c: ; ImmutableOopMap {[0]=Oop [8]=Oop }
                      ;*checkcast {reexecute=0 rethrow=0 return_oop=0}
                      ; - java.lang.invoke.LambdaForm$MH/0x0000000027060400::invoke@1
  0x00007f0f9429745c: 0088 6fff 

  0x00007f0f94297460: ;   {post_call_nop}
  0x00007f0f94297460: 0f1f 8400 | d801 0003 | bede ffff 

  0x00007f0f9429746c: ;   {runtime_call UncommonTrapBlob}
  0x00007f0f9429746c: ff66 90e8 

  0x00007f0f94297470: ; ImmutableOopMap {rbp=NarrowOop [0]=Oop [8]=Oop }
                      ;*checkcast {reexecute=0 rethrow=0 return_oop=0}
                      ; - java.lang.invoke.LambdaForm$MH/0x0000000027060400::invoke@11
  0x00007f0f94297470: ec87 6fff 

  0x00007f0f94297474: ;   {post_call_nop}
  0x00007f0f94297474: 0f1f 8400 | ec01 0004 | 488b f0eb | 0348 8bf0 | 4883 c430 

  0x00007f0f94297488: ;   {runtime_call C2 Runtime rethrow}
  0x00007f0f94297488: 5de9 52f2 | 6fff be54 | ffff ff48 

  0x00007f0f94297494: ;   {runtime_call UncommonTrapBlob}
  0x00007f0f94297494: 8bea 90e8 

  0x00007f0f94297498: ; ImmutableOopMap {rbp=Oop }
                      ;*checkcast {reexecute=0 rethrow=0 return_oop=0}
                      ; - java.lang.invoke.LambdaForm$MH/0x0000000027060400::invoke@1
  0x00007f0f94297498: c487 6fff 

  0x00007f0f9429749c: ;   {post_call_nop}
  0x00007f0f9429749c: 0f1f 8400 | 1402 0005 | bef4 ffff | ff48 8bea 

  0x00007f0f942974ac: ;   {runtime_call UncommonTrapBlob}
  0x00007f0f942974ac: 6666 90e8 

  0x00007f0f942974b0: ; ImmutableOopMap {rbp=Oop [8]=Oop }
                      ;*checkcast {reexecute=0 rethrow=0 return_oop=0}
                      ; - java.lang.invoke.LambdaForm$MH/0x0000000027060400::invoke@11
  0x00007f0f942974b0: ac87 6fff 

  0x00007f0f942974b4: ;   {post_call_nop}
  0x00007f0f942974b4: 0f1f 8400 | 2c02 0006 | bef4 ffff | ff48 8b2c | 244c 8914 | 2448 ff74 | 2410 488f 

  0x00007f0f942974d0: ;   {runtime_call UncommonTrapBlob}
  0x00007f0f942974d0: 4424 08e8 

  0x00007f0f942974d4: ; ImmutableOopMap {rbp=Oop [0]=Oop [8]=Oop [24]=Oop }
                      ;*checkcast {reexecute=0 rethrow=0 return_oop=0}
                      ; - java.lang.invoke.LambdaForm$MH/0x0000000027060400::invoke@27
  0x00007f0f942974d4: 8887 6fff 

  0x00007f0f942974d8: ;   {post_call_nop}
  0x00007f0f942974d8: 0f1f 8400 | 5002 0007 

  0x00007f0f942974e0: ;   {internal_word}
  0x00007f0f942974e0: 49ba 3174 | 2994 0f7f | 0000 4d89 | 9738 0500 

  0x00007f0f942974f0: ;   {runtime_call SafepointBlob}
  0x00007f0f942974f0: 00e9 6a83 

  0x00007f0f942974f4: ;   {runtime_call Stub::method_entry_barrier}
  0x00007f0f942974f4: 61ff e865 | da5f ffe9 | 9afe ffff 
[Stub Code]
  0x00007f0f94297500: ;   {static_stub}
  0x00007f0f94297500: 48bb 0000 | 0000 0000 

  0x00007f0f94297508: ;   {runtime_call nmethod}
  0x00007f0f94297508: 0000 e9fb 

  0x00007f0f9429750c: ;   {runtime_call ExceptionBlob}
  0x00007f0f9429750c: ffff ffe9 | 4c8a 6fff 
[Deopt Handler Code]
  0x00007f0f94297514: e800 0000 | 0048 832c 

  0x00007f0f9429751c: ;   {runtime_call DeoptimizationBlob}
  0x00007f0f9429751c: 2405 e93d | 8661 ffe8 | 0000 0000 | 4883 2c24 

  0x00007f0f9429752c: ;   {runtime_call DeoptimizationBlob}
  0x00007f0f9429752c: 05e9 2e86 | 61ff f4f4 | f4f4 f4f4 
[/MachCode]


Compiled method (c2) 210975 7699       4       java.lang.reflect.Constructor::newInstanceWithCaller (51 bytes)
 total in heap  [0x00007f0f9444af08,0x00007f0f9444be90] = 3976
 main code      [0x00007f0f9444b000,0x00007f0f9444bdd0] = 3536
 stub code      [0x00007f0f9444bdd0,0x00007f0f9444be60] = 144
 oops           [0x00007f0f9444be60,0x00007f0f9444be90] = 48
 mutable data [0x00007f0f107fadd0,0x00007f0f107faf78] = 424
 relocation     [0x00007f0f107fadd0,0x00007f0f107faf10] = 320
 metadata       [0x00007f0f107faf10,0x00007f0f107faf78] = 104
 immutable data [0x00007f0f107fa3d0,0x00007f0f107fadc8] = 2552
 dependencies   [0x00007f0f107fa3d0,0x00007f0f107fa3f0] = 32
 nul chk table  [0x00007f0f107fa3f0,0x00007f0f107fa438] = 72
 handler table  [0x00007f0f107fa438,0x00007f0f107fa598] = 352
 scopes pcs     [0x00007f0f107fa598,0x00007f0f107fa848] = 688
 scopes data    [0x00007f0f107fa848,0x00007f0f107fadc8] = 1408

[Constant Pool (empty)]

[MachCode]
[Instructions begin]
  0x00007f0f9444b000: 6690 448b | 5608 443b 

  0x00007f0f9444b008: ;   {runtime_call Shared Runtime ic_miss_blob}
  0x00007f0f9444b008: 5008 0f85 | d023 46ff 
[Verified Entry Point]
  0x00007f0f9444b010: 8984 2400 | c0fe ff55 | 4883 ec70 | 4181 7f20 | 0f00 0000 | 0f85 980d | 0000 4889 | 1424 4c89 
  0x00007f0f9444b030: 4424 108b | e985 c975 | 0f48 8974 | 2408 4533 | db44 895c | 2424 eb2c | 4889 7424 | 0844 8b56 
  0x00007f0f9444b050: 1c44 8b4e | 4449 8bca | 48c1 e103 | 498b d04c 

  0x00007f0f9444b060: ;   {optimized virtual_call}
  0x00007f0f9444b060: 8bc1 90e8 

  0x00007f0f9444b064: ; ImmutableOopMap {[0]=Oop [8]=Oop [16]=Oop }
                      ;*invokevirtual checkAccess {reexecute=0 rethrow=0 return_oop=0}
                      ; - java.lang.reflect.Constructor::newInstanceWithCaller@18 (line 492)
  0x00007f0f9444b064: a82e 4600 

  0x00007f0f9444b068: ;   {post_call_nop}
  0x00007f0f9444b068: 0f1f 8400 | 6001 0000 | 896c 2424 | 4c8b 5424 | 0845 8b5a | 3c45 85db | 0f84 5202 | 0000 4f8d 
  0x00007f0f9444b088: 04dc 458b 

  0x00007f0f9444b08c: ;   {metadata('jdk/internal/reflect/DirectConstructorHandleAccessor')}
  0x00007f0f9444b08c: 5008 4181 | fa90 ae27 | 000f 851e | 0400 004c | 8b1c 244d | 85db 0f84 | 7402 0000 | 418b 4b0c 
  0x00007f0f9444b0ac: 498b db45 | 8b50 0c41 | 3bca 0f85 | d804 0000 | 458b 4810 | 4183 fa01 | 0f84 5b01 | 0000 4183 
  0x00007f0f9444b0cc: fa01 0f87 | 9500 0000 

  0x00007f0f9444b0d4: ; implicit exception: dispatches to 0x00007f0f9444ba48
  0x00007f0f9444b0d4: 438b 6ccc 

  0x00007f0f9444b0d8: ;   {oop(a 'java/lang/invoke/MethodType'{0x000000061040c208} = ()Ljava/lang/Object;)}
  0x00007f0f9444b0d8: 1081 fd41 | 1808 c20f | 8533 0600 | 0043 8b7c | cc14 85ff | 0f84 da05 | 0000 4f8d | 14cc 453b 
  0x00007f0f9444b0f8: 64fc 1c75 | 3d49 8bea | 4c89 4424 | 3048 895c | 2428 894c | 2420 4c89 | 5c24 1849 

  0x00007f0f9444b114: ;   {static_call}
  0x00007f0f9444b114: 8bf2 90e8 

  0x00007f0f9444b118: ; ImmutableOopMap {rbp=Oop [8]=Oop [16]=Oop [24]=Oop [40]=Oop [48]=Oop }
                      ;*invokestatic maybeCustomize {reexecute=0 rethrow=0 return_oop=0}
                      ; - java.lang.invoke.Invokers::checkCustomized@19 (line 626)
                      ; - java.lang.invoke.Invokers$Holder::invokeExact_MT@14
                      ; - jdk.internal.reflect.DirectConstructorHandleAccessor::invokeImpl@40 (line 86)
                      ; - jdk.internal.reflect.DirectConstructorHandleAccessor::newInstance@60 (line 62)
                      ; - java.lang.reflect.Constructor::newInstanceWithCaller@41 (line 499)
  0x00007f0f9444b118: 64c8 ffff 

  0x00007f0f9444b11c: ;   {post_call_nop}
  0x00007f0f9444b11c: 0f1f 8400 | 1402 0001 | 4c8b 5c24 | 188b 4c24 | 2048 8b5c | 2428 4c8b | 4424 304c | 8bd5 4c89 
  0x00007f0f9444b13c: 4424 3048 | 895c 2428 | 894c 2420 | 4c89 5c24 | 1849 8bf2 | 4c89 5424 

  0x00007f0f9444b154: ;   {optimized virtual_call}
  0x00007f0f9444b154: 5066 90e8 

  0x00007f0f9444b158: ; ImmutableOopMap {[8]=Oop [16]=Oop [24]=Oop [40]=Oop [48]=Oop [80]=Oop }
                      ;*invokevirtual invokeBasic {reexecute=0 rethrow=0 return_oop=1}
                      ; - java.lang.invoke.Invokers$Holder::invokeExact_MT@18
                      ; - jdk.internal.reflect.DirectConstructorHandleAccessor::invokeImpl@40 (line 86)
                      ; - jdk.internal.reflect.DirectConstructorHandleAccessor::newInstance@60 (line 62)
                      ; - java.lang.reflect.Constructor::newInstanceWithCaller@41 (line 499)
  0x00007f0f9444b158: a4be b5ff 

  0x00007f0f9444b15c: ;   {post_call_nop}
  0x00007f0f9444b15c: 0f1f 8400 | 5402 0002 | e95f 0100 | 0041 83fa | 030f 84b2 | 0100 0041 | 83c2 fe41 | 83fa 010f 
  0x00007f0f9444b17c: 8678 0200 | 0043 8b6c 

  0x00007f0f9444b184: ;   {oop(a 'java/lang/invoke/MethodType'{0x0000000612e54918} = ([Ljava/lang/Object;)Ljava/lang/Object;)}
  0x00007f0f9444b184: cc10 81fd | 23a9 5cc2 | 0f85 ea04 | 0000 478b | 54cc 1445 | 85d2 0f84 | 8c04 0000 | 49c1 e103 
  0x00007f0f9444b1a4: 473b 64d4 | 1c75 424c | 890c 244c | 8944 2430 | 4889 5c24 | 2889 4c24 | 204c 895c | 2418 498b 
  0x00007f0f9444b1c4: f148 8beb 

  0x00007f0f9444b1c8: ;   {static_call}
  0x00007f0f9444b1c8: 6666 90e8 

  0x00007f0f9444b1cc: ; ImmutableOopMap {rbp=Oop [0]=Oop [8]=Oop [16]=Oop [24]=Oop [40]=Oop [48]=Oop }
                      ;*invokestatic maybeCustomize {reexecute=0 rethrow=0 return_oop=0}
                      ; - java.lang.invoke.Invokers::checkCustomized@19 (line 626)
                      ; - java.lang.invoke.Invokers$Holder::invokeExact_MT@14
                      ; - jdk.internal.reflect.DirectConstructorHandleAccessor::invokeImpl@99 (line 90)
                      ; - jdk.internal.reflect.DirectConstructorHandleAccessor::newInstance@60 (line 62)
                      ; - java.lang.reflect.Constructor::newInstanceWithCaller@41 (line 499)
  0x00007f0f9444b1cc: b0c7 ffff 

  0x00007f0f9444b1d0: ;   {post_call_nop}
  0x00007f0f9444b1d0: 0f1f 8400 | c802 0003 | 4c8b 5c24 | 188b 4c24 | 2048 8bdd | 4c8b 4424 | 304c 8b0c | 244c 8944 
  0x00007f0f9444b1f0: 2430 4889 | 5c24 2889 | 4c24 204c | 895c 2418 | 498b f148 | 8bd3 4c89 | 0424 4c89 | 4c24 4048 
  0x00007f0f9444b210: ;   {optimized virtual_call}
  0x00007f0f9444b210: 8beb 90e8 

  0x00007f0f9444b214: ; ImmutableOopMap {rbp=Oop [0]=Oop [8]=Oop [16]=Oop [24]=Oop [40]=Oop [48]=Oop [64]=Oop }
                      ;*invokevirtual invokeBasic {reexecute=0 rethrow=0 return_oop=1}
                      ; - java.lang.invoke.Invokers$Holder::invokeExact_MT@19
                      ; - jdk.internal.reflect.DirectConstructorHandleAccessor::invokeImpl@99 (line 90)
                      ; - jdk.internal.reflect.DirectConstructorHandleAccessor::newInstance@60 (line 62)
                      ; - java.lang.reflect.Constructor::newInstanceWithCaller@41 (line 499)
  0x00007f0f9444b214: 68f3 b6ff 

  0x00007f0f9444b218: ;   {post_call_nop}
  0x00007f0f9444b218: 0f1f 8400 | 1003 0004 | e9a3 0000 | 008b 7b0c | 85ff 0f86 | 1403 0000 | 448b 5310 

  0x00007f0f9444b234: ; implicit exception: dispatches to 0x00007f0f9444b9a8
  0x00007f0f9444b234: 438b 6ccc 

  0x00007f0f9444b238: ;   {oop(a 'java/lang/invoke/MethodType'{0x0000000610408bc0} = (Ljava/lang/Object;)Ljava/lang/Object;)}
  0x00007f0f9444b238: 1081 fd78 | 1108 c20f | 8597 0300 | 0043 8b7c | cc14 85ff | 0f84 a202 | 0000 49c1 | e103 453b 
  0x00007f0f9444b258: 64fc 1c75 | 354c 894c | 2438 4489 | 1424 4c89 | 4424 3048 | 895c 2428 | 894c 2420 | 4c89 5c24 
  0x00007f0f9444b278: 1849 8bf1 

  0x00007f0f9444b27c: ;   {static_call}
  0x00007f0f9444b27c: 498b e9e8 

  0x00007f0f9444b280: ; ImmutableOopMap {rbp=Oop [0]=NarrowOop [8]=Oop [16]=Oop [24]=Oop [40]=Oop [48]=Oop [56]=Oop }
                      ;*invokestatic maybeCustomize {reexecute=0 rethrow=0 return_oop=0}
                      ; - java.lang.invoke.Invokers::checkCustomized@19 (line 626)
                      ; - java.lang.invoke.Invokers$Holder::invokeExact_MT@14
                      ; - jdk.internal.reflect.DirectConstructorHandleAccessor::invokeImpl@53 (line 87)
                      ; - jdk.internal.reflect.DirectConstructorHandleAccessor::newInstance@60 (line 62)
                      ; - java.lang.reflect.Constructor::newInstanceWithCaller@41 (line 499)
  0x00007f0f9444b280: fcc6 ffff 

  0x00007f0f9444b284: ;   {post_call_nop}
  0x00007f0f9444b284: 0f1f 8400 | 7c03 0005 | 448b 1424 | eb18 4c89 | 5c24 1889 | 4c24 2048 | 895c 2428 | 4c89 4424 
  0x00007f0f9444b2a4: 304c 894c | 2438 498b | d248 c1e2 | 0344 8914 | 2448 8b74 

  0x00007f0f9444b2b8: ;   {optimized virtual_call}
  0x00007f0f9444b2b8: 2438 90e8 

  0x00007f0f9444b2bc: ; ImmutableOopMap {[0]=NarrowOop [8]=Oop [16]=Oop [24]=Oop [40]=Oop [48]=Oop [56]=Oop }
                      ;*invokevirtual invokeBasic {reexecute=0 rethrow=0 return_oop=1}
                      ; - java.lang.invoke.Invokers$Holder::invokeExact_MT@19
                      ; - jdk.internal.reflect.DirectConstructorHandleAccessor::invokeImpl@53 (line 87)
                      ; - jdk.internal.reflect.DirectConstructorHandleAccessor::newInstance@60 (line 62)
                      ; - java.lang.reflect.Constructor::newInstanceWithCaller@41 (line 499)
  0x00007f0f9444b2bc: c0f2 b6ff 

  0x00007f0f9444b2c0: ;   {post_call_nop}
  0x00007f0f9444b2c0: 0f1f 8400 | b803 0006 | 4883 c470 

  0x00007f0f9444b2cc: ;   {poll_return}
  0x00007f0f9444b2cc: 5d49 3b67 | 280f 87d5 | 0a00 00c3 | 488b 7424 

  0x00007f0f9444b2dc: ;   {optimized virtual_call}
  0x00007f0f9444b2dc: 0866 90e8 

  0x00007f0f9444b2e0: ; ImmutableOopMap {[0]=Oop [8]=Oop [16]=Oop }
                      ;*invokevirtual acquireConstructorAccessor {reexecute=0 rethrow=0 return_oop=1}
                      ; - java.lang.reflect.Constructor::newInstanceWithCaller@33 (line 496)
  0x00007f0f9444b2e0: 3c6c 98f8 

  0x00007f0f9444b2e4: ;   {post_call_nop}
  0x00007f0f9444b2e4: 0f1f 8400 | dc03 0007 | 4c8b c048 | 85c0 0f85 | 92fd ffff | bef6 ffff | ff48 8b6c | 2408 4c8b 
  0x00007f0f9444b304: 5424 104c | 8954 2408 

  0x00007f0f9444b30c: ;   {runtime_call UncommonTrapBlob}
  0x00007f0f9444b30c: 6666 90e8 

  0x00007f0f9444b310: ; ImmutableOopMap {rbp=Oop [0]=Oop [8]=Oop }
                      ;*invokeinterface newInstance {reexecute=0 rethrow=0 return_oop=0}
                      ; - java.lang.reflect.Constructor::newInstanceWithCaller@41 (line 499)
  0x00007f0f9444b310: 4c49 54ff 

  0x00007f0f9444b314: ;   {post_call_nop}
  0x00007f0f9444b314: 0f1f 8400 | 0c04 0008 | 33c9 33db | e98a fdff | ff8b 7b0c | 83ff 020f | 868b 0400 | 008b 5318 
  0x00007f0f9444b334: 448b 5314 | 8b7b 1043 | 8b6c cc10 

  0x00007f0f9444b340: ;   {oop(a 'java/lang/invoke/MethodType'{0x0000000610408f08} = (Ljava/lang/Object;Ljava/lang/Object;Ljava/lang/Object;)Ljava/lang/Object;)}
  0x00007f0f9444b340: 81fd e111 | 08c2 0f85 | 6405 0000 | 438b 44cc | 1485 c00f | 840b 0400 | 0049 c1e1 | 0345 3b64 
  0x00007f0f9444b360: c41c 7538 | 4c89 4c24 | 3889 7c24 | 0444 8914 | 248b ea4c | 8944 2430 | 4889 5c24 | 2889 4c24 
  0x00007f0f9444b380: 204c 895c | 2418 498b 

  0x00007f0f9444b388: ;   {static_call}
  0x00007f0f9444b388: f166 90e8 

  0x00007f0f9444b38c: ; ImmutableOopMap {rbp=NarrowOop [0]=NarrowOop [4]=NarrowOop [8]=Oop [16]=Oop [24]=Oop [40]=Oop [48]=Oop [56]=Oop }
                      ;*invokestatic maybeCustomize {reexecute=0 rethrow=0 return_oop=0}
                      ; - java.lang.invoke.Invokers::checkCustomized@19 (line 626)
                      ; - java.lang.invoke.LambdaForm$MH/0x00000000270e0c00::invokeExact_MT@15
                      ; - jdk.internal.reflect.DirectConstructorHandleAccessor::invokeImpl@88 (line 89)
                      ; - jdk.internal.reflect.DirectConstructorHandleAccessor::newInstance@60 (line 62)
                      ; - java.lang.reflect.Constructor::newInstanceWithCaller@41 (line 499)
  0x00007f0f9444b38c: f0c5 ffff 

  0x00007f0f9444b390: ;   {post_call_nop}
  0x00007f0f9444b390: 0f1f 8400 | 8804 0009 | 8bd5 eb20 | 4c89 5c24 | 1889 4c24 | 2048 895c | 2428 4c89 | 4424 3044 
  0x00007f0f9444b3b0: 8914 2489 | 7c24 044c | 894c 2438 | 4c8b c249 | c1e0 0344 | 8bca 448b | 1424 498b | ca48 c1e1 
  0x00007f0f9444b3d0: 0344 8b54 | 2404 498b | d248 c1e2 | 0348 8b74 | 2438 4489 

  0x00007f0f9444b3e4: ;   {optimized virtual_call}
  0x00007f0f9444b3e4: 4c24 58e8 

  0x00007f0f9444b3e8: ; ImmutableOopMap {[0]=NarrowOop [4]=NarrowOop [8]=Oop [16]=Oop [24]=Oop [40]=Oop [48]=Oop [56]=Oop [88]=NarrowOop }
                      ;*invokevirtual invokeBasic {reexecute=0 rethrow=0 return_oop=1}
                      ; - java.lang.invoke.LambdaForm$MH/0x00000000270e0c00::invokeExact_MT@22
                      ; - jdk.internal.reflect.DirectConstructorHandleAccessor::invokeImpl@88 (line 89)
                      ; - jdk.internal.reflect.DirectConstructorHandleAccessor::newInstance@60 (line 62)
                      ; - java.lang.reflect.Constructor::newInstanceWithCaller@41 (line 499)
  0x00007f0f9444b3e8: 14c6 b8ff 

  0x00007f0f9444b3ec: ;   {post_call_nop}
  0x00007f0f9444b3ec: 0f1f 8400 | e404 000a | e9cf feff | ff44 8b53 | 0c41 83fa | 010f 8659 | 0400 0044 | 8b53 148b 
  0x00007f0f9444b40c: 7b10 438b 

  0x00007f0f9444b410: ;   {oop(a 'java/lang/invoke/MethodType'{0x0000000610408d00} = (Ljava/lang/Object;Ljava/lang/Object;)Ljava/lang/Object;)}
  0x00007f0f9444b410: 6ccc 1081 | fda0 1108 | c20f 85e9 | 0400 0043 | 8b74 cc14 | 85f6 0f84 | e003 0000 | 49c1 e103 
  0x00007f0f9444b430: 453b 64f4 | 1c75 364c | 894c 2438 | 893c 2441 | 8bea 4c89 | 4424 3048 | 895c 2428 | 894c 2420 
  0x00007f0f9444b450: 4c89 5c24 | 1849 8bf1 

  0x00007f0f9444b458: ;   {static_call}
  0x00007f0f9444b458: 6666 90e8 

  0x00007f0f9444b45c: ; ImmutableOopMap {rbp=NarrowOop [0]=NarrowOop [8]=Oop [16]=Oop [24]=Oop [40]=Oop [48]=Oop [56]=Oop }
                      ;*invokestatic maybeCustomize {reexecute=0 rethrow=0 return_oop=0}
                      ; - java.lang.invoke.Invokers::checkCustomized@19 (line 626)
                      ; - java.lang.invoke.Invokers$Holder::invokeExact_MT@14
                      ; - jdk.internal.reflect.DirectConstructorHandleAccessor::invokeImpl@69 (line 88)
                      ; - jdk.internal.reflect.DirectConstructorHandleAccessor::newInstance@60 (line 62)
                      ; - java.lang.reflect.Constructor::newInstanceWithCaller@41 (line 499)
  0x00007f0f9444b45c: 20c5 ffff 

  0x00007f0f9444b460: ;   {post_call_nop}
  0x00007f0f9444b460: 0f1f 8400 | 5805 000b | 448b d5eb | 1b4c 895c | 2418 894c | 2420 4889 | 5c24 284c | 8944 2430 
  0x00007f0f9444b480: 893c 244c | 894c 2438 | 498b ca48 | c1e1 0345 | 8bda 448b | 0424 498b | d048 c1e2 | 0348 8b74 
  0x00007f0f9444b4a0: 2438 4489 

  0x00007f0f9444b4a4: ;   {optimized virtual_call}
  0x00007f0f9444b4a4: 5c24 58e8 

  0x00007f0f9444b4a8: ; ImmutableOopMap {[0]=NarrowOop [8]=Oop [16]=Oop [24]=Oop [40]=Oop [48]=Oop [56]=Oop [88]=NarrowOop }
                      ;*invokevirtual invokeBasic {reexecute=0 rethrow=0 return_oop=1}
                      ; - java.lang.invoke.Invokers$Holder::invokeExact_MT@20
                      ; - jdk.internal.reflect.DirectConstructorHandleAccessor::invokeImpl@69 (line 88)
                      ; - jdk.internal.reflect.DirectConstructorHandleAccessor::newInstance@60 (line 62)
                      ; - java.lang.reflect.Constructor::newInstanceWithCaller@41 (line 499)
  0x00007f0f9444b4a8: d42d b8ff 

  0x00007f0f9444b4ac: ;   {post_call_nop}
  0x00007f0f9444b4ac: 0f1f 8400 | a405 000c | e90f feff | ffbe deff | ffff 488b | 6c24 084c | 8b54 2410 | 4c89 5424 
  0x00007f0f9444b4cc: 0848 8944 | 24f8 8b44 | 2424 8944 | 2418 488b | 4424 f84c | 8944 2428 

  0x00007f0f9444b4e4: ;   {runtime_call UncommonTrapBlob}
  0x00007f0f9444b4e4: 6666 90e8 

  0x00007f0f9444b4e8: ; ImmutableOopMap {rbp=Oop [0]=Oop [8]=Oop [40]=Oop }
                      ;*invokeinterface newInstance {reexecute=0 rethrow=0 return_oop=0}
                      ; - java.lang.reflect.Constructor::newInstanceWithCaller@41 (line 499)
  0x00007f0f9444b4e8: 7447 54ff 

  0x00007f0f9444b4ec: ;   {post_call_nop}
  0x00007f0f9444b4ec: 0f1f 8400 | e405 000d | bef6 ffff | ff48 8b6c | 2408 4c8b | 5c24 104c | 895c 2408 | 894c 2410 
  0x00007f0f9444b50c: 4889 4424 | f88b 4424 | 2489 4424 | 1448 8b44 | 24f8 4c89 | 4424 204c | 8944 2430 | 4889 5c24 
  0x00007f0f9444b52c: 3844 8954 | 2444 4489 

  0x00007f0f9444b534: ;   {runtime_call UncommonTrapBlob}
  0x00007f0f9444b534: 4c24 48e8 

  0x00007f0f9444b538: ; ImmutableOopMap {rbp=Oop [0]=Oop [8]=Oop [32]=Oop [48]=Oop [56]=Oop [68]=NarrowOop [72]=NarrowOop }
                      ;*getfield customized {reexecute=1 rethrow=0 return_oop=0}
                      ; - (reexecute) java.lang.invoke.Invokers::checkCustomized@12 (line 625)
                      ; - java.lang.invoke.Invokers$Holder::invokeExact_MT@14
                      ; - jdk.internal.reflect.DirectConstructorHandleAccessor::invokeImpl@53 (line 87)
                      ; - jdk.internal.reflect.DirectConstructorHandleAccessor::newInstance@60 (line 62)
                      ; - java.lang.reflect.Constructor::newInstanceWithCaller@41 (line 499)
  0x00007f0f9444b538: 2447 54ff 

  0x00007f0f9444b53c: ;   {post_call_nop}
  0x00007f0f9444b53c: 0f1f 8400 | 3406 000e | bee4 ffff | ff48 8b6c | 2408 4c8b | 5424 104c | 8954 2408 | 894c 2410 
  0x00007f0f9444b55c: 4889 4424 | f88b 4424 | 2489 4424 | 1448 8b44 | 24f8 4c89 | 4424 204c | 8944 2430 | 4889 5c24 
  0x00007f0f9444b57c: 3844 894c | 2440 4889 

  0x00007f0f9444b584: ;   {runtime_call UncommonTrapBlob}
  0x00007f0f9444b584: 5c24 48e8 

  0x00007f0f9444b588: ; ImmutableOopMap {rbp=Oop [0]=Oop [8]=Oop [32]=Oop [48]=Oop [56]=Oop [64]=NarrowOop [72]=Oop }
                      ;*aaload {reexecute=0 rethrow=0 return_oop=0}
                      ; - jdk.internal.reflect.DirectConstructorHandleAccessor::invokeImpl@52 (line 87)
                      ; - jdk.internal.reflect.DirectConstructorHandleAccessor::newInstance@60 (line 62)
                      ; - java.lang.reflect.Constructor::newInstanceWithCaller@41 (line 499)
  0x00007f0f9444b588: d446 54ff 

  0x00007f0f9444b58c: ;   {post_call_nop}
  0x00007f0f9444b58c: 0f1f 8400 | 8406 000f | be45 ffff | ff48 8b6c | 2408 4c8b | 5c24 104c | 895c 2408 | 894c 2414 
  0x00007f0f9444b5ac: 4889 4424 | f88b 4424 | 2489 4424 | 1848 8b44 | 24f8 4c89 | 4424 2848 | 895c 2430 | 4489 5424 
  0x00007f0f9444b5cc: ;   {runtime_call UncommonTrapBlob}
  0x00007f0f9444b5cc: 1c66 90e8 

  0x00007f0f9444b5d0: ; ImmutableOopMap {rbp=Oop [0]=Oop [8]=Oop [40]=Oop [48]=Oop }
                      ;*if_icmpeq {reexecute=1 rethrow=0 return_oop=0}
                      ; - (reexecute) jdk.internal.reflect.DirectConstructorHandleAccessor::newInstance@16 (line 58)
                      ; - java.lang.reflect.Constructor::newInstanceWithCaller@41 (line 499)
  0x00007f0f9444b5d0: 8c46 54ff 

  0x00007f0f9444b5d4: ;   {post_call_nop}
  0x00007f0f9444b5d4: 0f1f 8400 | cc06 0010 | be45 ffff | ff48 ff74 | 2408 488f | 0424 4c89 | 5c24 0889 | 4c24 1848 
  0x00007f0f9444b5f4: 8944 24f8 | 8b44 2424 | 8944 241c | 488b 4424 | f84c 8944 | 2428 4c89 | 4424 3848 | 895c 2440 
  0x00007f0f9444b614: 4489 5424 | 4c44 894c 

  0x00007f0f9444b61c: ;   {runtime_call UncommonTrapBlob}
  0x00007f0f9444b61c: 2450 90e8 

  0x00007f0f9444b620: ; ImmutableOopMap {rbp=NarrowOop [0]=Oop [8]=Oop [16]=Oop [40]=Oop [56]=Oop [64]=Oop [76]=NarrowOop [80]=NarrowOop }
                      ;*if_acmpeq {reexecute=1 rethrow=0 return_oop=0}
                      ; - (reexecute) java.lang.invoke.Invokers::checkExactType@7 (line 530)
                      ; - java.lang.invoke.Invokers$Holder::invokeExact_MT@10
                      ; - jdk.internal.reflect.DirectConstructorHandleAccessor::invokeImpl@53 (line 87)
                      ; - jdk.internal.reflect.DirectConstructorHandleAccessor::newInstance@60 (line 62)
                      ; - java.lang.reflect.Constructor::newInstanceWithCaller@41 (line 499)
  0x00007f0f9444b620: 3c46 54ff 

  0x00007f0f9444b624: ;   {post_call_nop}
  0x00007f0f9444b624: 0f1f 8400 | 1c07 0011 | bef6 ffff | ff48 8b6c | 2408 4c8b | 5424 104c | 8954 2408 | 894c 2410 
  0x00007f0f9444b644: 4889 4424 | f88b 4424 | 2489 4424 | 1448 8b44 | 24f8 4c89 | 4424 204c | 8944 2430 | 4889 5c24 
  0x00007f0f9444b664: 3848 895c | 2448 4489 

  0x00007f0f9444b66c: ;   {runtime_call UncommonTrapBlob}
  0x00007f0f9444b66c: 4c24 44e8 

  0x00007f0f9444b670: ; ImmutableOopMap {rbp=Oop [0]=Oop [8]=Oop [32]=Oop [48]=Oop [56]=Oop [68]=NarrowOop [72]=Oop }
                      ;*getfield customized {reexecute=1 rethrow=0 return_oop=0}
                      ; - (reexecute) java.lang.invoke.Invokers::checkCustomized@12 (line 625)
                      ; - java.lang.invoke.Invokers$Holder::invokeExact_MT@14
                      ; - jdk.internal.reflect.DirectConstructorHandleAccessor::invokeImpl@99 (line 90)
                      ; - jdk.internal.reflect.DirectConstructorHandleAccessor::newInstance@60 (line 62)
                      ; - java.lang.reflect.Constructor::newInstanceWithCaller@41 (line 499)
  0x00007f0f9444b670: ec45 54ff 

  0x00007f0f9444b674: ;   {post_call_nop}
  0x00007f0f9444b674: 0f1f 8400 | 6c07 0012 | be45 ffff | ff48 ff74 | 2408 488f | 0424 4c89 | 5c24 0889 | 4c24 1848 
  0x00007f0f9444b694: 8944 24f8 | 8b44 2424 | 8944 241c | 488b 4424 | f84c 8944 | 2428 4c89 | 4424 3848 | 895c 2440 
  0x00007f0f9444b6b4: 4889 5c24 | 5044 894c 

  0x00007f0f9444b6bc: ;   {runtime_call UncommonTrapBlob}
  0x00007f0f9444b6bc: 244c 90e8 

  0x00007f0f9444b6c0: ; ImmutableOopMap {rbp=NarrowOop [0]=Oop [8]=Oop [16]=Oop [40]=Oop [56]=Oop [64]=Oop [76]=NarrowOop [80]=Oop }
                      ;*if_acmpeq {reexecute=1 rethrow=0 return_oop=0}
                      ; - (reexecute) java.lang.invoke.Invokers::checkExactType@7 (line 530)
                      ; - java.lang.invoke.Invokers$Holder::invokeExact_MT@10
                      ; - jdk.internal.reflect.DirectConstructorHandleAccessor::invokeImpl@99 (line 90)
                      ; - jdk.internal.reflect.DirectConstructorHandleAccessor::newInstance@60 (line 62)
                      ; - java.lang.reflect.Constructor::newInstanceWithCaller@41 (line 499)
  0x00007f0f9444b6c0: 9c45 54ff 

  0x00007f0f9444b6c4: ;   {post_call_nop}
  0x00007f0f9444b6c4: 0f1f 8400 | bc07 0013 | bef6 ffff | ff48 8b6c | 2408 4c8b | 5424 104c | 8954 2408 | 894c 2410 
  0x00007f0f9444b6e4: 4889 4424 | f88b 4424 | 2489 4424 | 1448 8b44 | 24f8 4c89 | 4424 204c | 8944 2430 | 4889 5c24 
  0x00007f0f9444b704: 3844 894c 

  0x00007f0f9444b708: ;   {runtime_call UncommonTrapBlob}
  0x00007f0f9444b708: 2444 90e8 

  0x00007f0f9444b70c: ; ImmutableOopMap {rbp=Oop [0]=Oop [8]=Oop [32]=Oop [48]=Oop [56]=Oop [68]=NarrowOop }
                      ;*getfield customized {reexecute=1 rethrow=0 return_oop=0}
                      ; - (reexecute) java.lang.invoke.Invokers::checkCustomized@12 (line 625)
                      ; - java.lang.invoke.Invokers$Holder::invokeExact_MT@14
                      ; - jdk.internal.reflect.DirectConstructorHandleAccessor::invokeImpl@40 (line 86)
                      ; - jdk.internal.reflect.DirectConstructorHandleAccessor::newInstance@60 (line 62)
                      ; - java.lang.reflect.Constructor::newInstanceWithCaller@41 (line 499)
  0x00007f0f9444b70c: 5045 54ff 

  0x00007f0f9444b710: ;   {post_call_nop}
  0x00007f0f9444b710: 0f1f 8400 | 0808 0014 | be45 ffff | ff48 ff74 | 2408 488f | 0424 4c89 | 5c24 0889 | 4c24 1848 
  0x00007f0f9444b730: 8944 24f8 | 8b44 2424 | 8944 241c | 488b 4424 | f84c 8944 | 2428 4c89 | 4424 3848 | 895c 2440 
  0x00007f0f9444b750: 4489 4c24 

  0x00007f0f9444b754: ;   {runtime_call UncommonTrapBlob}
  0x00007f0f9444b754: 4c66 90e8 

  0x00007f0f9444b758: ; ImmutableOopMap {rbp=NarrowOop [0]=Oop [8]=Oop [16]=Oop [40]=Oop [56]=Oop [64]=Oop [76]=NarrowOop }
                      ;*if_acmpeq {reexecute=1 rethrow=0 return_oop=0}
                      ; - (reexecute) java.lang.invoke.Invokers::checkExactType@7 (line 530)
                      ; - java.lang.invoke.Invokers$Holder::invokeExact_MT@10
                      ; - jdk.internal.reflect.DirectConstructorHandleAccessor::invokeImpl@40 (line 86)
                      ; - jdk.internal.reflect.DirectConstructorHandleAccessor::newInstance@60 (line 62)
                      ; - java.lang.reflect.Constructor::newInstanceWithCaller@41 (line 499)
  0x00007f0f9444b758: 0445 54ff 

  0x00007f0f9444b75c: ;   {post_call_nop}
  0x00007f0f9444b75c: 0f1f 8400 | 5408 0015 | bef6 ffff | ff48 8b6c | 2408 4c8b | 5c24 104c | 895c 2408 | 894c 2410 
  0x00007f0f9444b77c: 4889 4424 | f88b 4424 | 2489 4424 | 1448 8b44 | 24f8 4c89 | 4424 204c | 8944 2430 | 4889 5c24 
  0x00007f0f9444b79c: 3889 7c24 | 4444 8954 | 2448 8954 | 244c 4489 

  0x00007f0f9444b7ac: ;   {runtime_call UncommonTrapBlob}
  0x00007f0f9444b7ac: 4c24 50e8 

  0x00007f0f9444b7b0: ; ImmutableOopMap {rbp=Oop [0]=Oop [8]=Oop [32]=Oop [48]=Oop [56]=Oop [68]=NarrowOop [72]=NarrowOop [76]=NarrowOop [80]=NarrowOop }
                      ;*getfield customized {reexecute=1 rethrow=0 return_oop=0}
                      ; - (reexecute) java.lang.invoke.Invokers::checkCustomized@12 (line 625)
                      ; - java.lang.invoke.LambdaForm$MH/0x00000000270e0c00::invokeExact_MT@15
                      ; - jdk.internal.reflect.DirectConstructorHandleAccessor::invokeImpl@88 (line 89)
                      ; - jdk.internal.reflect.DirectConstructorHandleAccessor::newInstance@60 (line 62)
                      ; - java.lang.reflect.Constructor::newInstanceWithCaller@41 (line 499)
  0x00007f0f9444b7b0: ac44 54ff 

  0x00007f0f9444b7b4: ;   {post_call_nop}
  0x00007f0f9444b7b4: 0f1f 8400 | ac08 0016 | bee4 ffff | ff48 8b6c | 2408 4c8b | 5424 104c | 8954 2408 | 894c 2410 
  0x00007f0f9444b7d4: 4889 4424 | f88b 4424 | 2489 4424 | 1448 8b44 | 24f8 4c89 | 4424 204c | 8944 2430 | 4889 5c24 
  0x00007f0f9444b7f4: 3844 894c | 2440 4889 

  0x00007f0f9444b7fc: ;   {runtime_call UncommonTrapBlob}
  0x00007f0f9444b7fc: 5c24 48e8 

  0x00007f0f9444b800: ; ImmutableOopMap {rbp=Oop [0]=Oop [8]=Oop [32]=Oop [48]=Oop [56]=Oop [64]=NarrowOop [72]=Oop }
                      ;*aaload {reexecute=0 rethrow=0 return_oop=0}
                      ; - jdk.internal.reflect.DirectConstructorHandleAccessor::invokeImpl@81 (line 89)
                      ; - jdk.internal.reflect.DirectConstructorHandleAccessor::newInstance@60 (line 62)
                      ; - java.lang.reflect.Constructor::newInstanceWithCaller@41 (line 499)
  0x00007f0f9444b800: 5c44 54ff 

  0x00007f0f9444b804: ;   {post_call_nop}
  0x00007f0f9444b804: 0f1f 8400 | fc08 0017 | bef6 ffff | ff48 8b6c | 2408 4c8b | 5c24 104c | 895c 2408 | 894c 2410 
  0x00007f0f9444b824: 4889 4424 | f88b 4424 | 2489 4424 | 1448 8b44 | 24f8 4c89 | 4424 204c | 8944 2430 | 4889 5c24 
  0x00007f0f9444b844: 3889 7c24 | 4444 8954 | 2448 4489 

  0x00007f0f9444b850: ;   {runtime_call UncommonTrapBlob}
  0x00007f0f9444b850: 4c24 4ce8 

  0x00007f0f9444b854: ; ImmutableOopMap {rbp=Oop [0]=Oop [8]=Oop [32]=Oop [48]=Oop [56]=Oop [68]=NarrowOop [72]=NarrowOop [76]=NarrowOop }
                      ;*getfield customized {reexecute=1 rethrow=0 return_oop=0}
                      ; - (reexecute) java.lang.invoke.Invokers::checkCustomized@12 (line 625)
                      ; - java.lang.invoke.Invokers$Holder::invokeExact_MT@14
                      ; - jdk.internal.reflect.DirectConstructorHandleAccessor::invokeImpl@69 (line 88)
                      ; - jdk.internal.reflect.DirectConstructorHandleAccessor::newInstance@60 (line 62)
                      ; - java.lang.reflect.Constructor::newInstanceWithCaller@41 (line 499)
  0x00007f0f9444b854: 0844 54ff 

  0x00007f0f9444b858: ;   {post_call_nop}
  0x00007f0f9444b858: 0f1f 8400 | 5009 0018 | bee4 ffff | ff48 8b6c | 2408 4c8b | 5424 104c | 8954 2408 | 894c 2410 
  0x00007f0f9444b878: 4889 4424 | f88b 4424 | 2489 4424 | 1448 8b44 | 24f8 4c89 | 4424 204c | 8944 2430 | 4889 5c24 
  0x00007f0f9444b898: 3844 894c | 2440 4889 

  0x00007f0f9444b8a0: ;   {runtime_call UncommonTrapBlob}
  0x00007f0f9444b8a0: 5c24 48e8 

  0x00007f0f9444b8a4: ; ImmutableOopMap {rbp=Oop [0]=Oop [8]=Oop [32]=Oop [48]=Oop [56]=Oop [64]=NarrowOop [72]=Oop }
                      ;*aaload {reexecute=0 rethrow=0 return_oop=0}
                      ; - jdk.internal.reflect.DirectConstructorHandleAccessor::invokeImpl@65 (line 88)
                      ; - jdk.internal.reflect.DirectConstructorHandleAccessor::newInstance@60 (line 62)
                      ; - java.lang.reflect.Constructor::newInstanceWithCaller@41 (line 499)
  0x00007f0f9444b8a4: b843 54ff 

  0x00007f0f9444b8a8: ;   {post_call_nop}
  0x00007f0f9444b8a8: 0f1f 8400 | a009 0019 | be45 ffff | ff48 ff74 | 2408 488f | 0424 4c89 | 5c24 0889 | 4c24 1848 
  0x00007f0f9444b8c8: 8944 24f8 | 8b44 2424 | 8944 241c | 488b 4424 | f84c 8944 | 2428 4c89 | 4424 3848 | 895c 2440 
  0x00007f0f9444b8e8: 897c 244c | 4489 5424 | 5089 5424 | 5444 894c 

  0x00007f0f9444b8f8: ;   {runtime_call UncommonTrapBlob}
  0x00007f0f9444b8f8: 2458 90e8 

  0x00007f0f9444b8fc: ; ImmutableOopMap {rbp=NarrowOop [0]=Oop [8]=Oop [16]=Oop [40]=Oop [56]=Oop [64]=Oop [76]=NarrowOop [80]=NarrowOop [84]=NarrowOop [88]=NarrowOop }
                      ;*if_acmpeq {reexecute=1 rethrow=0 return_oop=0}
                      ; - (reexecute) java.lang.invoke.Invokers::checkExactType@7 (line 530)
                      ; - java.lang.invoke.LambdaForm$MH/0x00000000270e0c00::invokeExact_MT@11
                      ; - jdk.internal.reflect.DirectConstructorHandleAccessor::invokeImpl@88 (line 89)
                      ; - jdk.internal.reflect.DirectConstructorHandleAccessor::newInstance@60 (line 62)
                      ; - java.lang.reflect.Constructor::newInstanceWithCaller@41 (line 499)
  0x00007f0f9444b8fc: 6043 54ff 

  0x00007f0f9444b900: ;   {post_call_nop}
  0x00007f0f9444b900: 0f1f 8400 | f809 001a | be45 ffff | ff48 ff74 | 2408 488f | 0424 4c89 | 5c24 0889 | 4c24 1848 
  0x00007f0f9444b920: 8944 24f8 | 8b44 2424 | 8944 241c | 488b 4424 | f84c 8944 | 2428 4c89 | 4424 3848 | 895c 2440 
  0x00007f0f9444b940: 897c 244c | 4489 5424 | 5044 894c 

  0x00007f0f9444b94c: ;   {runtime_call UncommonTrapBlob}
  0x00007f0f9444b94c: 2454 90e8 

  0x00007f0f9444b950: ; ImmutableOopMap {rbp=NarrowOop [0]=Oop [8]=Oop [16]=Oop [40]=Oop [56]=Oop [64]=Oop [76]=NarrowOop [80]=NarrowOop [84]=NarrowOop }
                      ;*if_acmpeq {reexecute=1 rethrow=0 return_oop=0}
                      ; - (reexecute) java.lang.invoke.Invokers::checkExactType@7 (line 530)
                      ; - java.lang.invoke.Invokers$Holder::invokeExact_MT@10
                      ; - jdk.internal.reflect.DirectConstructorHandleAccessor::invokeImpl@69 (line 88)
                      ; - jdk.internal.reflect.DirectConstructorHandleAccessor::newInstance@60 (line 62)
                      ; - java.lang.reflect.Constructor::newInstanceWithCaller@41 (line 499)
  0x00007f0f9444b950: 0c43 54ff 

  0x00007f0f9444b954: ;   {post_call_nop}
  0x00007f0f9444b954: 0f1f 8400 | 4c0a 001b | bef6 ffff | ff48 8b6c | 2408 4c8b | 5424 104c | 8954 2408 | 894c 2410 
  0x00007f0f9444b974: 4889 4424 | f88b 4424 | 2489 4424 | 1448 8b44 | 24f8 4c89 | 4424 2048 | 895c 2428 | 4c89 4424 
  0x00007f0f9444b994: 3044 894c 

  0x00007f0f9444b998: ;   {runtime_call UncommonTrapBlob}
  0x00007f0f9444b998: 2438 90e8 

  0x00007f0f9444b99c: ; ImmutableOopMap {rbp=Oop [0]=Oop [8]=Oop [32]=Oop [40]=Oop [48]=Oop [56]=NarrowOop }
                      ;*aaload {reexecute=0 rethrow=0 return_oop=0}
                      ; - jdk.internal.reflect.DirectConstructorHandleAccessor::invokeImpl@52 (line 87)
                      ; - jdk.internal.reflect.DirectConstructorHandleAccessor::newInstance@60 (line 62)
                      ; - java.lang.reflect.Constructor::newInstanceWithCaller@41 (line 499)
  0x00007f0f9444b99c: c042 54ff 

  0x00007f0f9444b9a0: ;   {post_call_nop}
  0x00007f0f9444b9a0: 0f1f 8400 | 980a 001c | be56 ffff | ff48 8b6c | 2408 4c8b | 5c24 104c | 895c 2408 | 894c 2410 
  0x00007f0f9444b9c0: 4889 4424 | f88b 4424 | 2489 4424 | 1448 8b44 | 24f8 4c89 | 4424 204c | 8944 2430 | 4889 5c24 
  0x00007f0f9444b9e0: 3844 894c | 2440 4489 

  0x00007f0f9444b9e8: ;   {runtime_call UncommonTrapBlob}
  0x00007f0f9444b9e8: 5424 44e8 

  0x00007f0f9444b9ec: ; ImmutableOopMap {rbp=Oop [0]=Oop [8]=Oop [32]=Oop [48]=Oop [56]=Oop [64]=NarrowOop [68]=NarrowOop }
                      ;*invokevirtual type {reexecute=0 rethrow=0 return_oop=0}
                      ; - java.lang.invoke.Invokers::checkExactType@1 (line 529)
                      ; - java.lang.invoke.Invokers$Holder::invokeExact_MT@10
                      ; - jdk.internal.reflect.DirectConstructorHandleAccessor::invokeImpl@53 (line 87)
                      ; - jdk.internal.reflect.DirectConstructorHandleAccessor::newInstance@60 (line 62)
                      ; - java.lang.reflect.Constructor::newInstanceWithCaller@41 (line 499)
  0x00007f0f9444b9ec: 7042 54ff 

  0x00007f0f9444b9f0: ;   {post_call_nop}
  0x00007f0f9444b9f0: 0f1f 8400 | e80a 001d | be56 ffff | ff48 8b6c | 2408 4c8b | 5424 104c | 8954 2408 | 894c 2410 
  0x00007f0f9444ba10: 4889 4424 | f88b 4424 | 2489 4424 | 1448 8b44 | 24f8 4c89 | 4424 204c | 8944 2430 | 4889 5c24 
  0x00007f0f9444ba30: 3844 894c | 2440 4889 

  0x00007f0f9444ba38: ;   {runtime_call UncommonTrapBlob}
  0x00007f0f9444ba38: 5c24 48e8 

  0x00007f0f9444ba3c: ; ImmutableOopMap {rbp=Oop [0]=Oop [8]=Oop [32]=Oop [48]=Oop [56]=Oop [64]=NarrowOop [72]=Oop }
                      ;*invokevirtual type {reexecute=0 rethrow=0 return_oop=0}
                      ; - java.lang.invoke.Invokers::checkExactType@1 (line 529)
                      ; - java.lang.invoke.Invokers$Holder::invokeExact_MT@10
                      ; - jdk.internal.reflect.DirectConstructorHandleAccessor::invokeImpl@99 (line 90)
                      ; - jdk.internal.reflect.DirectConstructorHandleAccessor::newInstance@60 (line 62)
                      ; - java.lang.reflect.Constructor::newInstanceWithCaller@41 (line 499)
  0x00007f0f9444ba3c: 2042 54ff 

  0x00007f0f9444ba40: ;   {post_call_nop}
  0x00007f0f9444ba40: 0f1f 8400 | 380b 001e | be56 ffff | ff48 8b6c | 2408 4c8b | 5424 104c | 8954 2408 | 894c 2410 
  0x00007f0f9444ba60: 4889 4424 | f88b 4424 | 2489 4424 | 1448 8b44 | 24f8 4c89 | 4424 204c | 8944 2430 | 4889 5c24 
  0x00007f0f9444ba80: 3844 894c 

  0x00007f0f9444ba84: ;   {runtime_call UncommonTrapBlob}
  0x00007f0f9444ba84: 2440 90e8 

  0x00007f0f9444ba88: ; ImmutableOopMap {rbp=Oop [0]=Oop [8]=Oop [32]=Oop [48]=Oop [56]=Oop [64]=NarrowOop }
                      ;*invokevirtual type {reexecute=0 rethrow=0 return_oop=0}
                      ; - java.lang.invoke.Invokers::checkExactType@1 (line 529)
                      ; - java.lang.invoke.Invokers$Holder::invokeExact_MT@10
                      ; - jdk.internal.reflect.DirectConstructorHandleAccessor::invokeImpl@40 (line 86)
                      ; - jdk.internal.reflect.DirectConstructorHandleAccessor::newInstance@60 (line 62)
                      ; - java.lang.reflect.Constructor::newInstanceWithCaller@41 (line 499)
  0x00007f0f9444ba88: d441 54ff 

  0x00007f0f9444ba8c: ;   {post_call_nop}
  0x00007f0f9444ba8c: 0f1f 8400 | 840b 001f | eb00 448b | 5808 41b8 | 0000 0026 | 4d03 c348 | 8bf0 eb4e | eb00 448b 
  0x00007f0f9444baac: 5008 41b8 | 0000 0026 | 4d03 c248 | 8bf0 eb3a | eb00 448b | 5808 41b8 | 0000 0026 | 4d03 c348 
  0x00007f0f9444bacc: 8bf0 eb26 | eb00 448b | 5008 41b8 | 0000 0026 | 4d03 c248 | 8bf0 eb12 | eb00 448b | 5808 41b8 
  0x00007f0f9444baec: 0000 0026 | 4d03 c348 

  0x00007f0f9444baf4: ;   {metadata('java/lang/ClassCastException')}
  0x00007f0f9444baf4: 8bf0 49ba | 98b7 1c26 | 0000 0000 | 4d3b c274 

  0x00007f0f9444bb04: ;   {runtime_call C2 Runtime rethrow}
  0x00007f0f9444bb04: 0f66 90e8 

  0x00007f0f9444bb08: ; ImmutableOopMap {[8]=Oop [16]=Oop [24]=Oop [40]=Oop [48]=Oop }
                      ;*invokevirtual invokeImpl {reexecute=0 rethrow=0 return_oop=1}
                      ; - jdk.internal.reflect.DirectConstructorHandleAccessor::newInstance@60 (line 62)
                      ; - java.lang.reflect.Constructor::newInstanceWithCaller@41 (line 499)
  0x00007f0f9444bb08: d4ab 54ff 

  0x00007f0f9444bb0c: ;   {post_call_nop}
  0x00007f0f9444bb0c: 0f1f 8400 | 040c 0020 | 488b eebe | 95ff ffff | 48ff 7424 | 0848 8f04 | 2448 ff74 | 2418 488f 
  0x00007f0f9444bb2c: 4424 0848 | 8944 24f8 | 8b44 2420 | 8944 2418 | 488b 4424 | f848 8944 | 24f8 8b44 | 2424 8944 
  0x00007f0f9444bb4c: 241c 488b 

  0x00007f0f9444bb50: ;   {runtime_call UncommonTrapBlob}
  0x00007f0f9444bb50: 4424 f8e8 

  0x00007f0f9444bb54: ; ImmutableOopMap {rbp=Oop [0]=Oop [8]=Oop [16]=Oop [40]=Oop [48]=Oop }
                      ;*astore_3 {reexecute=0 rethrow=0 return_oop=0}
                      ; - jdk.internal.reflect.DirectConstructorHandleAccessor::newInstance@64 (line 63)
                      ; - java.lang.reflect.Constructor::newInstanceWithCaller@41 (line 499)
  0x00007f0f9444bb54: 0841 54ff 

  0x00007f0f9444bb58: ;   {post_call_nop}
  0x00007f0f9444bb58: 0f1f 8400 | 500c 0021 | be95 ffff | ff48 8b6c | 2408 4c8b | 5c24 184c | 891c 244c | 8b5c 2410 
  0x00007f0f9444bb78: 4c89 5c24 | 0844 8b5c | 2420 4489 | 5c24 1044 | 8b44 2424 | 4489 4424 | 1448 ff74 | 2430 488f 
  0x00007f0f9444bb98: 4424 2048 | 8944 2430 

  0x00007f0f9444bba0: ;   {runtime_call UncommonTrapBlob}
  0x00007f0f9444bba0: 6666 90e8 

  0x00007f0f9444bba4: ; ImmutableOopMap {rbp=Oop [0]=Oop [8]=Oop [32]=Oop [40]=Oop [48]=Oop }
                      ;*astore_3 {reexecute=0 rethrow=0 return_oop=0}
                      ; - jdk.internal.reflect.DirectConstructorHandleAccessor::newInstance@120 (line 73)
                      ; - java.lang.reflect.Constructor::newInstanceWithCaller@41 (line 499)
  0x00007f0f9444bba4: b840 54ff 

  0x00007f0f9444bba8: ;   {post_call_nop}
  0x00007f0f9444bba8: 0f1f 8400 | a00c 0022 | be95 ffff | ff48 8b6c | 2408 4c8b | 5c24 184c | 891c 244c | 8b5c 2410 
  0x00007f0f9444bbc8: 4c89 5c24 | 0844 8b5c | 2420 4489 | 5c24 1044 | 8b44 2424 | 4489 4424 | 1448 ff74 | 2430 488f 
  0x00007f0f9444bbe8: 4424 2048 | 8944 2430 

  0x00007f0f9444bbf0: ;   {runtime_call UncommonTrapBlob}
  0x00007f0f9444bbf0: 6666 90e8 

  0x00007f0f9444bbf4: ; ImmutableOopMap {rbp=Oop [0]=Oop [8]=Oop [32]=Oop [40]=Oop [48]=Oop }
                      ;*astore_3 {reexecute=0 rethrow=0 return_oop=0}
                      ; - jdk.internal.reflect.DirectConstructorHandleAccessor::newInstance@93 (line 68)
                      ; - java.lang.reflect.Constructor::newInstanceWithCaller@41 (line 499)
  0x00007f0f9444bbf4: 6840 54ff 

  0x00007f0f9444bbf8: ;   {post_call_nop}
  0x00007f0f9444bbf8: 0f1f 8400 | f00c 0023 | bead ffff | ff48 8b6c | 2408 4c8b | 5c24 184c | 891c 244c | 8b5c 2410 
  0x00007f0f9444bc18: 4c89 5c24 | 0844 8b5c | 2420 4489 | 5c24 1044 | 8b44 2424 | 4489 4424 | 1448 ff74 | 2430 488f 
  0x00007f0f9444bc38: 4424 2048 | 8944 2430 

  0x00007f0f9444bc40: ;   {runtime_call UncommonTrapBlob}
  0x00007f0f9444bc40: 6666 90e8 

  0x00007f0f9444bc44: ; ImmutableOopMap {rbp=Oop [0]=Oop [8]=Oop [32]=Oop [40]=Oop [48]=Oop }
                      ;*astore_3 {reexecute=0 rethrow=0 return_oop=0}
                      ; - jdk.internal.reflect.DirectConstructorHandleAccessor::newInstance@64 (line 63)
                      ; - java.lang.reflect.Constructor::newInstanceWithCaller@41 (line 499)
  0x00007f0f9444bc44: 1840 54ff 

  0x00007f0f9444bc48: ;   {post_call_nop}
  0x00007f0f9444bc48: 0f1f 8400 | 400d 0024 | 488b f0eb | 0848 8bf0 | eb03 488b | f048 83c4 

  0x00007f0f9444bc60: ;   {runtime_call C2 Runtime rethrow}
  0x00007f0f9444bc60: 705d e979 | aa54 ffbe | f6ff ffff | 488b 6c24 | 084c 8b54 | 2410 4c89 | 5424 0889 | 4c24 1048 
  0x00007f0f9444bc80: 8944 24f8 | 8b44 2424 | 8944 2414 | 488b 4424 | f84c 8944 | 2420 4889 | 5c24 284c | 8944 2430 
  0x00007f0f9444bca0: 4489 4c24 

  0x00007f0f9444bca4: ;   {runtime_call UncommonTrapBlob}
  0x00007f0f9444bca4: 3866 90e8 

  0x00007f0f9444bca8: ; ImmutableOopMap {rbp=Oop [0]=Oop [8]=Oop [32]=Oop [40]=Oop [48]=Oop [56]=NarrowOop }
                      ;*aaload {reexecute=0 rethrow=0 return_oop=0}
                      ; - jdk.internal.reflect.DirectConstructorHandleAccessor::invokeImpl@81 (line 89)
                      ; - jdk.internal.reflect.DirectConstructorHandleAccessor::newInstance@60 (line 62)
                      ; - java.lang.reflect.Constructor::newInstanceWithCaller@41 (line 499)
  0x00007f0f9444bca8: b43f 54ff 

  0x00007f0f9444bcac: ;   {post_call_nop}
  0x00007f0f9444bcac: 0f1f 8400 | a40d 0025 | bef6 ffff | ff48 8b6c | 2408 4c8b | 5c24 104c | 895c 2408 | 894c 2410 
  0x00007f0f9444bccc: 4889 4424 | f88b 4424 | 2489 4424 | 1448 8b44 | 24f8 4c89 | 4424 204c | 8944 2430 | 4889 5c24 
  0x00007f0f9444bcec: 3844 894c | 2440 897c | 2444 4489 | 5424 4889 

  0x00007f0f9444bcfc: ;   {runtime_call UncommonTrapBlob}
  0x00007f0f9444bcfc: 5424 4ce8 

  0x00007f0f9444bd00: ; ImmutableOopMap {rbp=Oop [0]=Oop [8]=Oop [32]=Oop [48]=Oop [56]=Oop [64]=NarrowOop [68]=NarrowOop [72]=NarrowOop [76]=NarrowOop }
                      ;*invokevirtual type {reexecute=0 rethrow=0 return_oop=0}
                      ; - java.lang.invoke.Invokers::checkExactType@1 (line 529)
                      ; - java.lang.invoke.LambdaForm$MH/0x00000000270e0c00::invokeExact_MT@11
                      ; - jdk.internal.reflect.DirectConstructorHandleAccessor::invokeImpl@88 (line 89)
                      ; - jdk.internal.reflect.DirectConstructorHandleAccessor::newInstance@60 (line 62)
                      ; - java.lang.reflect.Constructor::newInstanceWithCaller@41 (line 499)
  0x00007f0f9444bd00: 5c3f 54ff 

  0x00007f0f9444bd04: ;   {post_call_nop}
  0x00007f0f9444bd04: 0f1f 8400 | fc0d 0026 | bef6 ffff | ff48 8b6c | 2408 4c8b | 5424 104c | 8954 2408 | 894c 2410 
  0x00007f0f9444bd24: 4889 4424 | f88b 4424 | 2489 4424 | 1448 8b44 | 24f8 4c89 | 4424 2048 | 895c 2428 | 4c89 4424 
  0x00007f0f9444bd44: 3044 894c 

  0x00007f0f9444bd48: ;   {runtime_call UncommonTrapBlob}
  0x00007f0f9444bd48: 2438 90e8 

  0x00007f0f9444bd4c: ; ImmutableOopMap {rbp=Oop [0]=Oop [8]=Oop [32]=Oop [40]=Oop [48]=Oop [56]=NarrowOop }
                      ;*aaload {reexecute=0 rethrow=0 return_oop=0}
                      ; - jdk.internal.reflect.DirectConstructorHandleAccessor::invokeImpl@65 (line 88)
                      ; - jdk.internal.reflect.DirectConstructorHandleAccessor::newInstance@60 (line 62)
                      ; - java.lang.reflect.Constructor::newInstanceWithCaller@41 (line 499)
  0x00007f0f9444bd4c: 103f 54ff 

  0x00007f0f9444bd50: ;   {post_call_nop}
  0x00007f0f9444bd50: 0f1f 8400 | 480e 0027 | bef6 ffff | ff48 8b6c | 2408 4c8b | 5c24 104c | 895c 2408 | 894c 2410 
  0x00007f0f9444bd70: 4889 4424 | f88b 4424 | 2489 4424 | 1448 8b44 | 24f8 4c89 | 4424 204c | 8944 2430 | 4889 5c24 
  0x00007f0f9444bd90: 3844 894c | 2440 897c | 2444 4489 

  0x00007f0f9444bd9c: ;   {runtime_call UncommonTrapBlob}
  0x00007f0f9444bd9c: 5424 48e8 

  0x00007f0f9444bda0: ; ImmutableOopMap {rbp=Oop [0]=Oop [8]=Oop [32]=Oop [48]=Oop [56]=Oop [64]=NarrowOop [68]=NarrowOop [72]=NarrowOop }
                      ;*invokevirtual type {reexecute=0 rethrow=0 return_oop=0}
                      ; - java.lang.invoke.Invokers::checkExactType@1 (line 529)
                      ; - java.lang.invoke.Invokers$Holder::invokeExact_MT@10
                      ; - jdk.internal.reflect.DirectConstructorHandleAccessor::invokeImpl@69 (line 88)
                      ; - jdk.internal.reflect.DirectConstructorHandleAccessor::newInstance@60 (line 62)
                      ; - java.lang.reflect.Constructor::newInstanceWithCaller@41 (line 499)
  0x00007f0f9444bda0: bc3e 54ff 

  0x00007f0f9444bda4: ;   {post_call_nop}
  0x00007f0f9444bda4: 0f1f 8400 | 9c0e 0028 

  0x00007f0f9444bdac: ;   {internal_word}
  0x00007f0f9444bdac: 49ba cdb2 | 4494 0f7f | 0000 4d89 | 9738 0500 

  0x00007f0f9444bdbc: ;   {runtime_call SafepointBlob}
  0x00007f0f9444bdbc: 00e9 9e3a 

  0x00007f0f9444bdc0: ;   {runtime_call Stub::method_entry_barrier}
  0x00007f0f9444bdc0: 46ff e899 | 9144 ffe9 | 5ef2 ffff | f4f4 f4f4 
[Stub Code]
  0x00007f0f9444bdd0: ;   {static_stub}
  0x00007f0f9444bdd0: 48bb 0000 | 0000 0000 

  0x00007f0f9444bdd8: ;   {runtime_call nmethod}
  0x00007f0f9444bdd8: 0000 e9fb 

  0x00007f0f9444bddc: ;   {static_stub}
  0x00007f0f9444bddc: ffff ff48 | bb00 0000 | 0000 0000 

  0x00007f0f9444bde8: ;   {runtime_call nmethod}
  0x00007f0f9444bde8: 00e9 fbff 

  0x00007f0f9444bdec: ;   {static_stub}
  0x00007f0f9444bdec: ffff 48bb | 0000 0000 | 0000 0000 

  0x00007f0f9444bdf8: ;   {runtime_call nmethod}
  0x00007f0f9444bdf8: e9fb ffff 

  0x00007f0f9444bdfc: ;   {static_stub}
  0x00007f0f9444bdfc: ff48 bb00 | 0000 0000 

  0x00007f0f9444be04: ;   {runtime_call nmethod}
  0x00007f0f9444be04: 0000 00e9 | fbff ffff 

  0x00007f0f9444be0c: ;   {static_stub}
  0x00007f0f9444be0c: 48bb 0000 | 0000 0000 

  0x00007f0f9444be14: ;   {runtime_call nmethod}
  0x00007f0f9444be14: 0000 e9fb 

  0x00007f0f9444be18: ;   {static_stub}
  0x00007f0f9444be18: ffff ff48 | bb00 0000 | 0000 0000 

  0x00007f0f9444be24: ;   {runtime_call nmethod}
  0x00007f0f9444be24: 00e9 fbff 

  0x00007f0f9444be28: ;   {static_stub}
  0x00007f0f9444be28: ffff 48bb | 0000 0000 | 0000 0000 

  0x00007f0f9444be34: ;   {runtime_call nmethod}
  0x00007f0f9444be34: e9fb ffff 

  0x00007f0f9444be38: ;   {runtime_call ExceptionBlob}
  0x00007f0f9444be38: ffe9 2241 | 54ff e800 | 0000 0048 | 832c 2405 

  0x00007f0f9444be48: ;   {runtime_call DeoptimizationBlob}
  0x00007f0f9444be48: e913 3d46 | ffe8 0000 | 0000 4883 

  0x00007f0f9444be54: ;   {runtime_call DeoptimizationBlob}
  0x00007f0f9444be54: 2c24 05e9 | 043d 46ff | f4f4 f4f4 
[/MachCode]


---------------  P R O C E S S  ---------------

Threads class SMR info:
_java_thread_list=0x00007f0e3416add0, length=47, elements={
0x00007f0fa4121050, 0x00007f0fa4122090, 0x00007f0fa41234a0, 0x00007f0fa4124dc0,
0x00007f0fa4126640, 0x00007f0fa41284c0, 0x00007f0fa4129eb0, 0x00007f0fa41503a0,
0x00007f0fa41527c0, 0x00007f0f240010d0, 0x00007f0fa4153d80, 0x00007f0fa415ad50,
0x00007f0fa63e0aa0, 0x00007f0fa63f0160, 0x00007f0fa7184480, 0x00007f0fa71a9690,
0x00007f0fa71aa290, 0x00007f0fa71ab730, 0x00007f0fa71acb80, 0x00007f0fa71adfe0,
0x00007f0fa71af440, 0x00007f0fa71b08c0, 0x00007f0fa71b1fc0, 0x00007f0fa71b3440,
0x00007f0fa71b48c0, 0x00007f0fa71b5e60, 0x00007f0fa7601180, 0x00007f0e7c0018e0,
0x00007f0fa79e0520, 0x00007f0fa7650380, 0x00007f0fa76bde60, 0x00007f0fa5fdc200,
0x00007f0fa5fdcf90, 0x00007f0fa5fe0520, 0x00007f0fa5fe12b0, 0x00007f0fa5fe24f0,
0x00007f0fa5fe3620, 0x00007f0fa5fe4990, 0x00007f0fa6073140, 0x00007f0fa6074730,
0x00007f0fa6075ba0, 0x00007f0fa6080a30, 0x00007f0fa6081360, 0x00007f0fa5406a00,
0x00007f0fa4034bb0, 0x00007f0ec4cc4140, 0x00007f0ec441b3e0
}

Java Threads: ( => current thread )
  0x00007f0fa4121050 JavaThread "Reference Handler"          daemon [_thread_blocked, id=67174, stack(0x00007f0f80ff8000,0x00007f0f810f9000) (1028K)]
  0x00007f0fa4122090 JavaThread "Finalizer"                  daemon [_thread_blocked, id=67175, stack(0x00007f0f80df6000,0x00007f0f80ef7000) (1028K)]
  0x00007f0fa41234a0 JavaThread "Signal Dispatcher"          daemon [_thread_blocked, id=67176, stack(0x00007f0f80bf5000,0x00007f0f80cf5000) (1024K)]
  0x00007f0fa4124dc0 JavaThread "Service Thread"             daemon [_thread_blocked, id=67177, stack(0x00007f0f80af5000,0x00007f0f80bf5000) (1024K)]
  0x00007f0fa4126640 JavaThread "Monitor Deflation Thread"   daemon [_thread_blocked, id=67178, stack(0x00007f0f809f5000,0x00007f0f80af5000) (1024K)]
  0x00007f0fa41284c0 JavaThread "C2 CompilerThread0"         daemon [_thread_blocked, id=67179, stack(0x00007f0f808f5000,0x00007f0f809f5000) (1024K)]
  0x00007f0fa4129eb0 JavaThread "C1 CompilerThread0"         daemon [_thread_blocked, id=67180, stack(0x00007f0f807f5000,0x00007f0f808f5000) (1024K)]
  0x00007f0fa41503a0 JavaThread "JDWP Transport Listener: dt_socket" daemon [_thread_blocked, id=67184, stack(0x00007f0f804f5000,0x00007f0f805f5000) (1024K)]
  0x00007f0fa41527c0 JavaThread "JDWP Event Helper Thread"   daemon [_thread_blocked, id=67187, stack(0x00007f0f803f5000,0x00007f0f804f5000) (1024K)]
  0x00007f0f240010d0 JavaThread "JDWP Command Reader"        daemon [_thread_in_native, id=67188, stack(0x00007f0f802f5000,0x00007f0f803f5000) (1024K)]
  0x00007f0fa4153d80 JavaThread "Notification Thread"        daemon [_thread_blocked, id=67190, stack(0x00007f0f801f5000,0x00007f0f802f5000) (1024K)]
  0x00007f0fa415ad50 JavaThread "Common-Cleaner"             daemon [_thread_blocked, id=67191, stack(0x00007f0f800f5000,0x00007f0f801f5000) (1024K)]
  0x00007f0fa63e0aa0 JavaThread "Cleaner-0"                  daemon [_thread_blocked, id=67223, stack(0x00007f0f489f2000,0x00007f0f48af2000) (1024K)]
  0x00007f0fa63f0160 JavaThread "HikariPool-1:housekeeper"   daemon [_thread_blocked, id=67224, stack(0x00007f0f488f2000,0x00007f0f489f2000) (1024K)]
  0x00007f0fa7184480 JavaThread "Hibernate Search - Engine - Timing thread - 0"        [_thread_blocked, id=67233, stack(0x00007f0f48bf2000,0x00007f0f48cf2000) (1024K)]
  0x00007f0fa71a9690 JavaThread "Hibernate Search - default backend - Worker thread - 0"        [_thread_blocked, id=67234, stack(0x00007f0f48af2000,0x00007f0f48bf2000) (1024K)]
  0x00007f0fa71aa290 JavaThread "Hibernate Search - default backend - Worker thread - 1"        [_thread_blocked, id=67235, stack(0x00007f0f486f2000,0x00007f0f487f2000) (1024K)]
  0x00007f0fa71ab730 JavaThread "Hibernate Search - default backend - Worker thread - 2"        [_thread_blocked, id=67236, stack(0x00007f0f485f2000,0x00007f0f486f2000) (1024K)]
  0x00007f0fa71acb80 JavaThread "Hibernate Search - default backend - Worker thread - 3"        [_thread_blocked, id=67237, stack(0x00007f0f484f2000,0x00007f0f485f2000) (1024K)]
  0x00007f0fa71adfe0 JavaThread "Hibernate Search - default backend - Worker thread - 4"        [_thread_blocked, id=67238, stack(0x00007f0f483f2000,0x00007f0f484f2000) (1024K)]
  0x00007f0fa71af440 JavaThread "Hibernate Search - default backend - Worker thread - 5"        [_thread_blocked, id=67239, stack(0x00007f0f482f2000,0x00007f0f483f2000) (1024K)]
  0x00007f0fa71b08c0 JavaThread "Hibernate Search - default backend - Worker thread - 6"        [_thread_blocked, id=67240, stack(0x00007f0f481f2000,0x00007f0f482f2000) (1024K)]
  0x00007f0fa71b1fc0 JavaThread "Hibernate Search - default backend - Worker thread - 7"        [_thread_blocked, id=67241, stack(0x00007f0f480f2000,0x00007f0f481f2000) (1024K)]
  0x00007f0fa71b3440 JavaThread "Hibernate Search - default backend - Worker thread - 8"        [_thread_blocked, id=67242, stack(0x00007f0e97f00000,0x00007f0e98000000) (1024K)]
  0x00007f0fa71b48c0 JavaThread "Hibernate Search - default backend - Worker thread - 9"        [_thread_blocked, id=67243, stack(0x00007f0e97e00000,0x00007f0e97f00000) (1024K)]
  0x00007f0fa71b5e60 JavaThread "Hibernate Search - default backend - Worker thread - 10"        [_thread_blocked, id=67244, stack(0x00007f0e97d00000,0x00007f0e97e00000) (1024K)]
  0x00007f0fa7601180 JavaThread "Catalina-utility-1"                [_thread_blocked, id=67249, stack(0x00007f0e97c00000,0x00007f0e97d00000) (1024K)]
  0x00007f0e7c0018e0 JavaThread "Catalina-utility-2"                [_thread_blocked, id=67250, stack(0x00007f0e97b00000,0x00007f0e97c00000) (1024K)]
  0x00007f0fa79e0520 JavaThread "container-0"                       [_thread_blocked, id=67251, stack(0x00007f0e97a00000,0x00007f0e97b00000) (1024K)]
  0x00007f0fa7650380 JavaThread "HttpClient-1-SelectorManager" daemon [_thread_in_native, id=67252, stack(0x00007f0e97900000,0x00007f0e97a00000) (1024K)]
  0x00007f0fa76bde60 JavaThread "HttpClient-2-SelectorManager" daemon [_thread_in_native, id=67253, stack(0x00007f0e97800000,0x00007f0e97900000) (1024K)]
=>0x00007f0fa5fdc200 JavaThread "http-nio-8080-exec-1"       daemon [_thread_in_Java, id=67258, stack(0x00007f0f491f5000,0x00007f0f492f5000) (1024K)]
  0x00007f0fa5fdcf90 JavaThread "http-nio-8080-exec-2"       daemon [_thread_blocked, id=67259, stack(0x00007f0f48cf2000,0x00007f0f48df2000) (1024K)]
  0x00007f0fa5fe0520 JavaThread "http-nio-8080-exec-3"       daemon [_thread_blocked, id=67260, stack(0x00007f0f487f2000,0x00007f0f488f2000) (1024K)]
  0x00007f0fa5fe12b0 JavaThread "http-nio-8080-exec-4"       daemon [_thread_blocked, id=67261, stack(0x00007f0e97700000,0x00007f0e97800000) (1024K)]
  0x00007f0fa5fe24f0 JavaThread "http-nio-8080-exec-5"       daemon [_thread_blocked, id=67262, stack(0x00007f0e97600000,0x00007f0e97700000) (1024K)]
  0x00007f0fa5fe3620 JavaThread "http-nio-8080-exec-6"       daemon [_thread_blocked, id=67263, stack(0x00007f0e97500000,0x00007f0e97600000) (1024K)]
  0x00007f0fa5fe4990 JavaThread "http-nio-8080-exec-7"       daemon [_thread_blocked, id=67264, stack(0x00007f0e97400000,0x00007f0e97500000) (1024K)]
  0x00007f0fa6073140 JavaThread "http-nio-8080-exec-8"       daemon [_thread_blocked, id=67265, stack(0x00007f0e97300000,0x00007f0e97400000) (1024K)]
  0x00007f0fa6074730 JavaThread "http-nio-8080-exec-9"       daemon [_thread_blocked, id=67266, stack(0x00007f0e97200000,0x00007f0e97300000) (1024K)]
  0x00007f0fa6075ba0 JavaThread "http-nio-8080-exec-10"      daemon [_thread_blocked, id=67267, stack(0x00007f0e97100000,0x00007f0e97200000) (1024K)]
  0x00007f0fa6080a30 JavaThread "http-nio-8080-Poller"       daemon [_thread_in_native, id=67268, stack(0x00007f0e97000000,0x00007f0e97100000) (1024K)]
  0x00007f0fa6081360 JavaThread "http-nio-8080-Acceptor"     daemon [_thread_in_native, id=67269, stack(0x00007f0e96f00000,0x00007f0e97000000) (1024K)]
  0x00007f0fa5406a00 JavaThread "scheduling-1"                      [_thread_blocked, id=67270, stack(0x00007f0e96e00000,0x00007f0e96f00000) (1024K)]
  0x00007f0fa4034bb0 JavaThread "DestroyJavaVM"                     [_thread_blocked, id=67162, stack(0x00007f0fac417000,0x00007f0fac517000) (1024K)]
  0x00007f0ec4cc4140 JavaThread "Wicket-AsyncPageStore-PageSavingThread" daemon [_thread_blocked, id=67333, stack(0x00007f0f57f00000,0x00007f0f58000000) (1024K)]
  0x00007f0ec441b3e0 JavaThread "ModificationWatcher Task"   daemon [_thread_blocked, id=67334, stack(0x00007f0f49f00000,0x00007f0f4a000000) (1024K)]
Total: 47

Other Threads:
  0x00007f0fa41178e0 VMThread "VM Thread"                           [id=67173, stack(0x00007f0f80ef8000,0x00007f0f80ff8000) (1024K)]
  0x00007f0fa4107220 WatcherThread "VM Periodic Task Thread"        [id=67172, stack(0x00007f0f80cf6000,0x00007f0f80df6000) (1024K)]
  0x00007f0fa40670d0 WorkerThread "GC Thread#0"                     [id=67163, stack(0x00007f0fa8ad4000,0x00007f0fa8bd4000) (1024K)]
  0x00007f0f68009780 WorkerThread "GC Thread#1"                     [id=67195, stack(0x00007f0f49d00000,0x00007f0f49e00000) (1024K)]
  0x00007f0f6800a300 WorkerThread "GC Thread#2"                     [id=67196, stack(0x00007f0f49bff000,0x00007f0f49cff000) (1024K)]
  0x00007f0f6800b030 WorkerThread "GC Thread#3"                     [id=67197, stack(0x00007f0f49afe000,0x00007f0f49bfe000) (1024K)]
  0x00007f0f6800bd90 WorkerThread "GC Thread#4"                     [id=67198, stack(0x00007f0f499fd000,0x00007f0f49afd000) (1024K)]
  0x00007f0f6800cb10 WorkerThread "GC Thread#5"                     [id=67199, stack(0x00007f0f498fc000,0x00007f0f499fc000) (1024K)]
  0x00007f0f6800d8b0 WorkerThread "GC Thread#6"                     [id=67200, stack(0x00007f0f497fb000,0x00007f0f498fb000) (1024K)]
  0x00007f0f6800e650 WorkerThread "GC Thread#7"                     [id=67201, stack(0x00007f0f496fa000,0x00007f0f497fa000) (1024K)]
  0x00007f0f6800f3f0 WorkerThread "GC Thread#8"                     [id=67202, stack(0x00007f0f495f9000,0x00007f0f496f9000) (1024K)]
  0x00007f0f68010190 WorkerThread "GC Thread#9"                     [id=67203, stack(0x00007f0f494f8000,0x00007f0f495f8000) (1024K)]
  0x00007f0f68010f30 WorkerThread "GC Thread#10"                    [id=67204, stack(0x00007f0f493f7000,0x00007f0f494f7000) (1024K)]
  0x00007f0f68011cd0 WorkerThread "GC Thread#11"                    [id=67205, stack(0x00007f0f492f6000,0x00007f0f493f6000) (1024K)]
  0x00007f0f6801b0d0 WorkerThread "GC Thread#12"                    [id=67208, stack(0x00007f0f48ff5000,0x00007f0f490f5000) (1024K)]
  0x00007f0fa407fdb0 ConcurrentGCThread "G1 Main Marker"            [id=67164, stack(0x00007f0fa89d3000,0x00007f0fa8ad3000) (1024K)]
  0x00007f0fa4080f80 WorkerThread "G1 Conc#0"                       [id=67165, stack(0x00007f0fa88d2000,0x00007f0fa89d2000) (1024K)]
  0x00007f0f74000d40 WorkerThread "G1 Conc#1"                       [id=67209, stack(0x00007f0f48ef4000,0x00007f0f48ff4000) (1024K)]
  0x00007f0f740018d0 WorkerThread "G1 Conc#2"                       [id=67210, stack(0x00007f0f48df3000,0x00007f0f48ef3000) (1024K)]
  0x00007f0fa40e75f0 ConcurrentGCThread "G1 Refine#0"               [id=67166, stack(0x00007f0f811fb000,0x00007f0f812fb000) (1024K)]
  0x00007f0fa40e87e0 ConcurrentGCThread "G1 Service"                [id=67167, stack(0x00007f0f810fa000,0x00007f0f811fa000) (1024K)]
Total: 21

Threads with active compile tasks:
Total: 0

VM state: not at safepoint (normal execution)

VM Mutex/Monitor currently owned by a thread: None

Heap address: 0x000000060fc00000, size: 7940 MB, Compressed Oops mode: Zero based, Oop shift amount: 3

CDS archive(s) mapped at: [0x0000000026000000-0x0000000026d95000-0x0000000026d95000), size 14241792, SharedBaseAddress: 0x0000000026000000, ArchiveRelocationMode: 1.
Compressed class space mapped at: 0x0000000027000000-0x0000000067000000, reserved size: 1073741824
UseCompressedClassPointers 1, UseCompactObjectHeaders 0
Narrow klass pointer bits 32, Max shift 3
Narrow klass base: 0x0000000026000000, Narrow klass shift: 0
Encoding Range: [0x0000000026000000 - 0x0000000126000000), (4294967296 bytes)
Klass Range:    [0x0000000026001000 - 0x0000000067000000), (1090514944 bytes)
Klass ID Range:  [4096 - 1090519033) (1090514937)
Protection zone: [0x0000000026000000 - 0x0000000026001000), (4096 bytes)

GC Precious Log:
 CardTable entry size: 512
 Card Set container configuration: InlinePtr #cards 4 size 8 Array Of Cards #cards 32 size 80 Howl #buckets 8 coarsen threshold 7372 Howl Bitmap #cards 1024 size 144 coarsen threshold 921 Card regions per heap region 1 cards per card region 8192
 CPUs: 16 total, 16 available
 Memory: 31747M
 Large Page Support: Disabled
 NUMA Support: Disabled
 Compressed Oops: Enabled (Zero based)
 Heap Region Size: 4M
 Heap Min Capacity: 8M
 Heap Initial Capacity: 500M
 Heap Max Capacity: 7940M
 Pre-touch: Disabled
 Parallel Workers: 13
 Concurrent Workers: 3
 Concurrent Refinement Workers: 13
 Periodic GC: Disabled

Heap:
 garbage-first heap   total reserved 8130560K, committed 258048K, used 176609K [0x000000060fc00000, 0x0000000800000000)
  region size 4096K, 14 young (57344K), 1 survivors (4096K)

Heap Regions: E=young(eden), S=young(survivor), O=old, HS=humongous(starts), HC=humongous(continues), CS=collection set, F=free, TAMS=top-at-mark-start, PB=parsable bottom
|   0|0x000000060fc00000, 0x0000000610000000, 0x0000000610000000|100%| O|  |TAMS 0x000000060fc00000| PB 0x000000060fc00000| Untracked |  0
|   1|0x0000000610000000, 0x0000000610400000, 0x0000000610400000|100%| O|  |TAMS 0x0000000610000000| PB 0x0000000610000000| Untracked |  0
|   2|0x0000000610400000, 0x0000000610800000, 0x0000000610800000|100%| O|  |TAMS 0x0000000610400000| PB 0x0000000610400000| Untracked |  0
|   3|0x0000000610800000, 0x0000000610c00000, 0x0000000610c00000|100%| O|  |TAMS 0x0000000610800000| PB 0x0000000610800000| Untracked |  0
|   4|0x0000000610c00000, 0x0000000611000000, 0x0000000611000000|100%| O|  |TAMS 0x0000000610c00000| PB 0x0000000610c00000| Untracked |  0
|   5|0x0000000611000000, 0x0000000611400000, 0x0000000611400000|100%| O|  |TAMS 0x0000000611000000| PB 0x0000000611000000| Untracked |  0
|   6|0x0000000611400000, 0x0000000611800000, 0x0000000611800000|100%| O|Cm|TAMS 0x0000000611400000| PB 0x0000000611400000| Complete |  0
|   7|0x0000000611800000, 0x0000000611c00000, 0x0000000611c00000|100%| O|  |TAMS 0x0000000611800000| PB 0x0000000611800000| Untracked |  0
|   8|0x0000000611c00000, 0x0000000611c00000, 0x0000000612000000|  0%| F|  |TAMS 0x0000000611c00000| PB 0x0000000611c00000| Untracked |  0
|   9|0x0000000612000000, 0x0000000612400000, 0x0000000612400000|100%| O|  |TAMS 0x0000000612000000| PB 0x0000000612000000| Untracked |  0
|  10|0x0000000612400000, 0x0000000612800000, 0x0000000612800000|100%| O|Cm|TAMS 0x0000000612400000| PB 0x0000000612400000| Complete |  0
|  11|0x0000000612800000, 0x0000000612c00000, 0x0000000612c00000|100%| O|  |TAMS 0x0000000612800000| PB 0x0000000612800000| Untracked |  0
|  12|0x0000000612c00000, 0x0000000613000000, 0x0000000613000000|100%| O|  |TAMS 0x0000000612c00000| PB 0x0000000612c00000| Untracked |  0
|  13|0x0000000613000000, 0x0000000613400000, 0x0000000613400000|100%| O|  |TAMS 0x0000000613000000| PB 0x0000000613000000| Untracked |  0
|  14|0x0000000613400000, 0x0000000613800000, 0x0000000613800000|100%| O|  |TAMS 0x0000000613400000| PB 0x0000000613400000| Untracked |  0
|  15|0x0000000613800000, 0x0000000613800000, 0x0000000613c00000|  0%| F|  |TAMS 0x0000000613800000| PB 0x0000000613800000| Untracked |  0
|  16|0x0000000613c00000, 0x0000000614000000, 0x0000000614000000|100%| O|Cm|TAMS 0x0000000613c00000| PB 0x0000000613c00000| Complete |  0
|  17|0x0000000614000000, 0x0000000614000000, 0x0000000614400000|  0%| F|  |TAMS 0x0000000614000000| PB 0x0000000614000000| Untracked |  0
|  18|0x0000000614400000, 0x0000000614800000, 0x0000000614800000|100%| O|  |TAMS 0x0000000614400000| PB 0x0000000614400000| Untracked |  0
|  19|0x0000000614800000, 0x0000000614c00000, 0x0000000614c00000|100%| O|  |TAMS 0x0000000614800000| PB 0x0000000614800000| Untracked |  0
|  20|0x0000000614c00000, 0x0000000615000000, 0x0000000615000000|100%| O|  |TAMS 0x0000000614c00000| PB 0x0000000614c00000| Untracked |  0
|  21|0x0000000615000000, 0x0000000615400000, 0x0000000615400000|100%| O|  |TAMS 0x0000000615000000| PB 0x0000000615000000| Untracked |  0
|  22|0x0000000615400000, 0x0000000615800000, 0x0000000615800000|100%| O|  |TAMS 0x0000000615400000| PB 0x0000000615400000| Untracked |  0
|  23|0x0000000615800000, 0x0000000615c00000, 0x0000000615c00000|100%| O|  |TAMS 0x0000000615800000| PB 0x0000000615800000| Untracked |  0
|  24|0x0000000615c00000, 0x0000000616000000, 0x0000000616000000|100%| O|  |TAMS 0x0000000615c00000| PB 0x0000000615c00000| Untracked |  0
|  25|0x0000000616000000, 0x0000000616400000, 0x0000000616400000|100%| O|  |TAMS 0x0000000616000000| PB 0x0000000616000000| Untracked |  0
|  26|0x0000000616400000, 0x0000000616800000, 0x0000000616800000|100%| O|  |TAMS 0x0000000616400000| PB 0x0000000616400000| Untracked |  0
|  27|0x0000000616800000, 0x0000000616c00000, 0x0000000616c00000|100%| O|  |TAMS 0x0000000616800000| PB 0x0000000616800000| Untracked |  0
|  28|0x0000000616c00000, 0x0000000617000000, 0x0000000617000000|100%| O|  |TAMS 0x0000000616c00000| PB 0x0000000616c00000| Untracked |  0
|  29|0x0000000617000000, 0x0000000617400000, 0x0000000617400000|100%| O|Cm|TAMS 0x0000000617000000| PB 0x0000000617000000| Complete |  0
|  30|0x0000000617400000, 0x0000000617800000, 0x0000000617800000|100%| O|  |TAMS 0x0000000617400000| PB 0x0000000617400000| Untracked |  0
|  31|0x0000000617800000, 0x00000006178d86d0, 0x0000000617c00000| 21%| O|  |TAMS 0x0000000617800000| PB 0x0000000617800000| Untracked |  0
|  32|0x0000000617c00000, 0x0000000618000000, 0x0000000618000000|100%| O|  |TAMS 0x0000000617c00000| PB 0x0000000617c00000| Untracked |  0
|  33|0x0000000618000000, 0x0000000618000000, 0x0000000618400000|  0%| F|  |TAMS 0x0000000618000000| PB 0x0000000618000000| Untracked |  0
|  34|0x0000000618400000, 0x0000000618400000, 0x0000000618800000|  0%| F|  |TAMS 0x0000000618400000| PB 0x0000000618400000| Untracked |  0
|  35|0x0000000618800000, 0x0000000618800000, 0x0000000618c00000|  0%| F|  |TAMS 0x0000000618800000| PB 0x0000000618800000| Untracked |  0
|  36|0x0000000618c00000, 0x0000000618c00000, 0x0000000619000000|  0%| F|  |TAMS 0x0000000618c00000| PB 0x0000000618c00000| Untracked |  0
|  37|0x0000000619000000, 0x0000000619000000, 0x0000000619400000|  0%| F|  |TAMS 0x0000000619000000| PB 0x0000000619000000| Untracked |  0
|  38|0x0000000619400000, 0x0000000619400000, 0x0000000619800000|  0%| F|  |TAMS 0x0000000619400000| PB 0x0000000619400000| Untracked |  0
|  39|0x0000000619800000, 0x0000000619b9fe98, 0x0000000619c00000| 90%| S|CS|TAMS 0x0000000619800000| PB 0x0000000619800000| Complete |  0
|  40|0x0000000619c00000, 0x0000000619c00000, 0x000000061a000000|  0%| F|  |TAMS 0x0000000619c00000| PB 0x0000000619c00000| Untracked |  0
|  41|0x000000061a000000, 0x000000061a000000, 0x000000061a400000|  0%| F|  |TAMS 0x000000061a000000| PB 0x000000061a000000| Untracked |  0
|  42|0x000000061a400000, 0x000000061a400000, 0x000000061a800000|  0%| F|  |TAMS 0x000000061a400000| PB 0x000000061a400000| Untracked |  0
|  43|0x000000061a800000, 0x000000061a800000, 0x000000061ac00000|  0%| F|  |TAMS 0x000000061a800000| PB 0x000000061a800000| Untracked |  0
|  44|0x000000061ac00000, 0x000000061ac00000, 0x000000061b000000|  0%| F|  |TAMS 0x000000061ac00000| PB 0x000000061ac00000| Untracked |  0
|  45|0x000000061b000000, 0x000000061b000000, 0x000000061b400000|  0%| F|  |TAMS 0x000000061b000000| PB 0x000000061b000000| Untracked |  0
|  46|0x000000061b400000, 0x000000061b400000, 0x000000061b800000|  0%| F|  |TAMS 0x000000061b400000| PB 0x000000061b400000| Untracked |  0
|  47|0x000000061b800000, 0x000000061b800000, 0x000000061bc00000|  0%| F|  |TAMS 0x000000061b800000| PB 0x000000061b800000| Untracked |  0
|  48|0x000000061bc00000, 0x000000061bc00000, 0x000000061c000000|  0%| F|  |TAMS 0x000000061bc00000| PB 0x000000061bc00000| Untracked |  0
|  49|0x000000061c000000, 0x000000061c2e78d8, 0x000000061c400000| 72%| E|  |TAMS 0x000000061c000000| PB 0x000000061c000000| Complete |  0
|  50|0x000000061c400000, 0x000000061c800000, 0x000000061c800000|100%| E|CS|TAMS 0x000000061c400000| PB 0x000000061c400000| Complete |  0
|  51|0x000000061c800000, 0x000000061cc00000, 0x000000061cc00000|100%| E|CS|TAMS 0x000000061c800000| PB 0x000000061c800000| Complete |  0
|  52|0x000000061cc00000, 0x000000061d000000, 0x000000061d000000|100%| E|CS|TAMS 0x000000061cc00000| PB 0x000000061cc00000| Complete |  0
|  53|0x000000061d000000, 0x000000061d400000, 0x000000061d400000|100%| E|CS|TAMS 0x000000061d000000| PB 0x000000061d000000| Complete |  0
|  54|0x000000061d400000, 0x000000061d800000, 0x000000061d800000|100%| E|CS|TAMS 0x000000061d400000| PB 0x000000061d400000| Complete |  0
|  65|0x0000000620000000, 0x0000000620400000, 0x0000000620400000|100%| E|CS|TAMS 0x0000000620000000| PB 0x0000000620000000| Complete |  0
|  66|0x0000000620400000, 0x0000000620800000, 0x0000000620800000|100%| E|CS|TAMS 0x0000000620400000| PB 0x0000000620400000| Complete |  0
|1979|0x00000007fe800000, 0x00000007fec00000, 0x00000007fec00000|100%| E|CS|TAMS 0x00000007fe800000| PB 0x00000007fe800000| Complete |  0
|1980|0x00000007fec00000, 0x00000007ff000000, 0x00000007ff000000|100%| E|CS|TAMS 0x00000007fec00000| PB 0x00000007fec00000| Complete |  0
|1981|0x00000007ff000000, 0x00000007ff400000, 0x00000007ff400000|100%| E|CS|TAMS 0x00000007ff000000| PB 0x00000007ff000000| Complete |  0
|1982|0x00000007ff400000, 0x00000007ff800000, 0x00000007ff800000|100%| E|CS|TAMS 0x00000007ff400000| PB 0x00000007ff400000| Complete |  0
|1983|0x00000007ff800000, 0x00000007ffc00000, 0x00000007ffc00000|100%| O|  |TAMS 0x00000007ff800000| PB 0x00000007ff800000| Untracked |  0
|1984|0x00000007ffc00000, 0x0000000800000000, 0x0000000800000000|100%| E|CS|TAMS 0x00000007ffc00000| PB 0x00000007ffc00000| Complete |  0

Card table byte_map: [0x00007f0f8b47d000,0x00007f0f8c3ff000] _byte_map_base: 0x00007f0f883ff000

Marking Bits: (CMBitMap*) 0x00007f0fa4067e20
 Bits: [0x00007f0f8386d000, 0x00007f0f8b47d000)

Polling page: 0x00007f0fac824000

Metaspace:
Metaspace        used 138870K, committed 139840K, reserved 1179648K
 class space     used 20111K, committed 20544K, reserved 1048576K

Usage:
  Non-class:    115,98 MB used.
      Class:     19,64 MB used.
       Both:    135,62 MB used.

Virtual space:
  Non-class space:      128,00 MB reserved,     116,50 MB ( 91%) committed,  2 nodes.
      Class space:        1,00 GB reserved,      20,06 MB (  2%) committed,  1 nodes.
             Both:        1,12 GB reserved,     136,56 MB ( 12%) committed. 

Chunk freelists:
   Non-Class:  11,47 MB
       Class:  11,89 MB
        Both:  23,36 MB

MaxMetaspaceSize: unlimited
CompressedClassSpaceSize: 1,00 GB
Initial GC threshold: 21,00 MB
Current GC threshold: 224,31 MB
CDS: on
 - commit_granule_bytes: 65536.
 - commit_granule_words: 8192.
 - virtual_space_node_default_size: 8388608.
 - enlarge_chunks_in_place: 1.
UseCompressedClassPointers 1, UseCompactObjectHeaders 0
Narrow klass pointer bits 32, Max shift 3
Narrow klass base: 0x0000000026000000, Narrow klass shift: 0
Encoding Range: [0x0000000026000000 - 0x0000000126000000), (4294967296 bytes)
Klass Range:    [0x0000000026001000 - 0x0000000067000000), (1090514944 bytes)
Klass ID Range:  [4096 - 1090519033) (1090514937)
Protection zone: [0x0000000026000000 - 0x0000000026001000), (4096 bytes)


Internal statistics:

num_allocs_failed_limit: 15.
num_arena_births: 1518.
num_arena_deaths: 0.
num_vsnodes_births: 3.
num_vsnodes_deaths: 0.
num_space_committed: 2185.
num_space_uncommitted: 0.
num_chunks_returned_to_freelist: 15.
num_chunks_taken_from_freelist: 6521.
num_chunk_merges: 15.
num_chunk_splits: 4795.
num_chunks_enlarged: 3970.
num_inconsistent_stats: 0.

CodeHeap 'non-profiled nmethods': size=119168Kb used=9436Kb max_used=9436Kb free=109731Kb
 bounds [0x00007f0f93fa0000, 0x00007f0f948e0000, 0x00007f0f9b400000]
CodeHeap 'profiled nmethods': size=119168Kb used=24004Kb max_used=24004Kb free=95163Kb
 bounds [0x00007f0f8c3ff000, 0x00007f0f8db7f000, 0x00007f0f9385f000]
CodeHeap 'non-nmethods': size=7428Kb used=2009Kb max_used=3848Kb free=5418Kb
 bounds [0x00007f0f9385f000, 0x00007f0f93c3f000, 0x00007f0f93fa0000]
CodeCache: size=245764Kb, used=35449Kb, max_used=37288Kb, free=210312Kb
 total_blobs=16334, nmethods=15398, adapters=838, full_count=0
Compilation: enabled, stopped_count=0, restarted_count=0

Compilation events (20 events):
Event: 201,463 Thread 0x00007f0fa4129eb0 18627       3       org.apache.wicket.spring.SpringBeanLocator::hashCode (30 bytes)
Event: 201,463 Thread 0x00007f0fa4129eb0 nmethod 18627 0x00007f0f8db6bf88 code [0x00007f0f8db6c080, 0x00007f0f8db6c3c8]
Event: 201,463 Thread 0x00007f0fa4129eb0 18628       3       java.util.AbstractMap$SimpleEntry::hashCode (38 bytes)
Event: 201,463 Thread 0x00007f0f3845d7c0 18629       1       org.bindgen.binding.AbstractBinding::getParentBinding (5 bytes)
Event: 201,463 Thread 0x00007f0fa4129eb0 nmethod 18628 0x00007f0f8db6c408 code [0x00007f0f8db6c500, 0x00007f0f8db6c848]
Event: 201,463 Thread 0x00007f0f3845d7c0 nmethod 18629 0x00007f0f948d6f08 code [0x00007f0f948d7000, 0x00007f0f948d70c0]
Event: 201,463 Thread 0x00007f0fa4129eb0 18630       3       org.apache.wicket.behavior.Behavior::bind (1 bytes)
Event: 201,464 Thread 0x00007f0f3845d7c0 18631       3       org.apache.wicket.markup.html.WebMarkupContainer::<init> (7 bytes)
Event: 201,464 Thread 0x00007f0fa4129eb0 nmethod 18630 0x00007f0f8db6c888 code [0x00007f0f8db6c980, 0x00007f0f8db6ca80]
Event: 201,464 Thread 0x00007f0fa4129eb0 18632       3       org.apache.wicket.Component::setModelImpl (57 bytes)
Event: 201,464 Thread 0x00007f0f3845d7c0 nmethod 18631 0x00007f0f8db6cb88 code [0x00007f0f8db6cc80, 0x00007f0f8db6cea8]
Event: 201,464 Thread 0x00007f0f3845d7c0 18633       3       org.apache.wicket.behavior.Behavior::<init> (21 bytes)
Event: 201,464 Thread 0x00007f0fa4129eb0 nmethod 18632 0x00007f0f8db6cf08 code [0x00007f0f8db6d000, 0x00007f0f8db6d760]
Event: 201,464 Thread 0x00007f0fa4129eb0 18634       3       org.apache.wicket.BehaviorInstantiationListenerCollection::onInstantiation (14 bytes)
Event: 201,464 Thread 0x00007f0fa4129eb0 nmethod 18634 0x00007f0f8db6d788 code [0x00007f0f8db6d880, 0x00007f0f8db6dc20]
Event: 201,464 Thread 0x00007f0f3845d7c0 nmethod 18633 0x00007f0f8db6dc88 code [0x00007f0f8db6dd80, 0x00007f0f8db6e4e8]
Event: 202,114 Thread 0x00007f0fa4129eb0 18635       3       java.util.concurrent.ScheduledThreadPoolExecutor$DelayedWorkQueue::siftUp (64 bytes)
Event: 202,115 Thread 0x00007f0fa4129eb0 nmethod 18635 0x00007f0f8db6e508 code [0x00007f0f8db6e600, 0x00007f0f8db6f180]
Event: 207,114 Thread 0x00007f0fa4129eb0 18636       3       java.util.concurrent.ScheduledThreadPoolExecutor$DelayedWorkQueue::siftDown (119 bytes)
Event: 207,115 Thread 0x00007f0fa4129eb0 nmethod 18636 0x00007f0f8db6f188 code [0x00007f0f8db6f280, 0x00007f0f8db700e0]

GC Heap Usage History (20 events):
Event: 9,541 {heap Before GC invocations=21 (full 0):
 garbage-first heap   total reserved 8130560K, committed 188416K, used 166220K [0x000000060fc00000, 0x0000000800000000)
  region size 4096K, 23 young (94208K), 3 survivors (12288K)
}
Event: 9,549 {heap After GC invocations=22 (full 0):
 garbage-first heap   total reserved 8130560K, committed 229376K, used 86239K [0x000000060fc00000, 0x0000000800000000)
  region size 4096K, 2 young (8192K), 2 survivors (8192K)
}
Event: 10,241 {heap Before GC invocations=23 (full 0):
 garbage-first heap   total reserved 8130560K, committed 229376K, used 209119K [0x000000060fc00000, 0x0000000800000000)
  region size 4096K, 32 young (131072K), 2 survivors (8192K)
}
Event: 10,246 {heap After GC invocations=24 (full 0):
 garbage-first heap   total reserved 8130560K, committed 229376K, used 91498K [0x000000060fc00000, 0x0000000800000000)
  region size 4096K, 3 young (12288K), 3 survivors (12288K)
}
Event: 10,735 {heap Before GC invocations=24 (full 0):
 garbage-first heap   total reserved 8130560K, committed 229376K, used 210282K [0x000000060fc00000, 0x0000000800000000)
  region size 4096K, 32 young (131072K), 3 survivors (12288K)
}
Event: 10,741 {heap After GC invocations=25 (full 0):
 garbage-first heap   total reserved 8130560K, committed 233472K, used 95064K [0x000000060fc00000, 0x0000000800000000)
  region size 4096K, 3 young (12288K), 3 survivors (12288K)
}
Event: 11,182 {heap Before GC invocations=25 (full 0):
 garbage-first heap   total reserved 8130560K, committed 233472K, used 213848K [0x000000060fc00000, 0x0000000800000000)
  region size 4096K, 32 young (131072K), 3 survivors (12288K)
}
Event: 11,187 {heap After GC invocations=26 (full 0):
 garbage-first heap   total reserved 8130560K, committed 233472K, used 97199K [0x000000060fc00000, 0x0000000800000000)
  region size 4096K, 3 young (12288K), 3 survivors (12288K)
}
Event: 24,449 {heap Before GC invocations=27 (full 0):
 garbage-first heap   total reserved 8130560K, committed 233472K, used 207791K [0x000000060fc00000, 0x0000000800000000)
  region size 4096K, 31 young (126976K), 3 survivors (12288K)
}
Event: 24,456 {heap After GC invocations=28 (full 0):
 garbage-first heap   total reserved 8130560K, committed 241664K, used 114324K [0x000000060fc00000, 0x0000000800000000)
  region size 4096K, 4 young (16384K), 4 survivors (16384K)
}
Event: 24,639 {heap Before GC invocations=28 (full 0):
 garbage-first heap   total reserved 8130560K, committed 241664K, used 212628K [0x000000060fc00000, 0x0000000800000000)
  region size 4096K, 28 young (114688K), 4 survivors (16384K)
}
Event: 24,651 {heap After GC invocations=29 (full 0):
 garbage-first heap   total reserved 8130560K, committed 258048K, used 117138K [0x000000060fc00000, 0x0000000800000000)
  region size 4096K, 4 young (16384K), 4 survivors (16384K)
}
Event: 25,492 {heap Before GC invocations=29 (full 0):
 garbage-first heap   total reserved 8130560K, committed 258048K, used 215442K [0x000000060fc00000, 0x0000000800000000)
  region size 4096K, 29 young (118784K), 4 survivors (16384K)
}
Event: 25,496 {heap After GC invocations=30 (full 0):
 garbage-first heap   total reserved 8130560K, committed 258048K, used 118504K [0x000000060fc00000, 0x0000000800000000)
  region size 4096K, 1 young (4096K), 1 survivors (4096K)
}
Event: 29,688 {heap Before GC invocations=30 (full 0):
 garbage-first heap   total reserved 8130560K, committed 258048K, used 220904K [0x000000060fc00000, 0x0000000800000000)
  region size 4096K, 27 young (110592K), 1 survivors (4096K)
}
Event: 29,692 {heap After GC invocations=31 (full 0):
 garbage-first heap   total reserved 8130560K, committed 258048K, used 137517K [0x000000060fc00000, 0x0000000800000000)
  region size 4096K, 4 young (16384K), 4 survivors (16384K)
}
Event: 29,833 {heap Before GC invocations=32 (full 0):
 garbage-first heap   total reserved 8130560K, committed 258048K, used 223533K [0x000000060fc00000, 0x0000000800000000)
  region size 4096K, 25 young (102400K), 4 survivors (16384K)
}
Event: 29,837 {heap After GC invocations=33 (full 0):
 garbage-first heap   total reserved 8130560K, committed 258048K, used 147556K [0x000000060fc00000, 0x0000000800000000)
  region size 4096K, 3 young (12288K), 3 survivors (12288K)
}
Event: 30,562 {heap Before GC invocations=33 (full 0):
 garbage-first heap   total reserved 8130560K, committed 258048K, used 217188K [0x000000060fc00000, 0x0000000800000000)
  region size 4096K, 21 young (86016K), 3 survivors (12288K)
}
Event: 30,566 {heap After GC invocations=34 (full 0):
 garbage-first heap   total reserved 8130560K, committed 258048K, used 127457K [0x000000060fc00000, 0x0000000800000000)
  region size 4096K, 1 young (4096K), 1 survivors (4096K)
}

Metaspace Usage History (20 events):
Event: 9,541 {metaspace Before GC invocations=21 (full 0):
 Metaspace       used 110435K, committed 111168K, reserved 1179648K
  class space    used 15785K, committed 16128K, reserved 1048576K
}
Event: 9,549 {metaspace After GC invocations=22 (full 0):
 Metaspace       used 110435K, committed 111168K, reserved 1179648K
  class space    used 15785K, committed 16128K, reserved 1048576K
}
Event: 10,241 {metaspace Before GC invocations=23 (full 0):
 Metaspace       used 113055K, committed 113728K, reserved 1179648K
  class space    used 16192K, committed 16512K, reserved 1048576K
}
Event: 10,246 {metaspace After GC invocations=24 (full 0):
 Metaspace       used 113055K, committed 113728K, reserved 1179648K
  class space    used 16192K, committed 16512K, reserved 1048576K
}
Event: 10,735 {metaspace Before GC invocations=24 (full 0):
 Metaspace       used 114727K, committed 115520K, reserved 1179648K
  class space    used 16481K, committed 16832K, reserved 1048576K
}
Event: 10,741 {metaspace After GC invocations=25 (full 0):
 Metaspace       used 114727K, committed 115520K, reserved 1179648K
  class space    used 16481K, committed 16832K, reserved 1048576K
}
Event: 11,182 {metaspace Before GC invocations=25 (full 0):
 Metaspace       used 117770K, committed 118656K, reserved 1179648K
  class space    used 16939K, committed 17344K, reserved 1048576K
}
Event: 11,187 {metaspace After GC invocations=26 (full 0):
 Metaspace       used 117770K, committed 118656K, reserved 1179648K
  class space    used 16939K, committed 17344K, reserved 1048576K
}
Event: 24,449 {metaspace Before GC invocations=27 (full 0):
 Metaspace       used 129950K, committed 130880K, reserved 1179648K
  class space    used 18931K, committed 19328K, reserved 1048576K
}
Event: 24,456 {metaspace After GC invocations=28 (full 0):
 Metaspace       used 129950K, committed 130880K, reserved 1179648K
  class space    used 18931K, committed 19328K, reserved 1048576K
}
Event: 24,639 {metaspace Before GC invocations=28 (full 0):
 Metaspace       used 130150K, committed 131136K, reserved 1179648K
  class space    used 18944K, committed 19392K, reserved 1048576K
}
Event: 24,651 {metaspace After GC invocations=29 (full 0):
 Metaspace       used 130150K, committed 131136K, reserved 1179648K
  class space    used 18944K, committed 19392K, reserved 1048576K
}
Event: 25,492 {metaspace Before GC invocations=29 (full 0):
 Metaspace       used 132531K, committed 133440K, reserved 1179648K
  class space    used 19161K, committed 19584K, reserved 1048576K
}
Event: 25,496 {metaspace After GC invocations=30 (full 0):
 Metaspace       used 132531K, committed 133440K, reserved 1179648K
  class space    used 19161K, committed 19584K, reserved 1048576K
}
Event: 29,688 {metaspace Before GC invocations=30 (full 0):
 Metaspace       used 136825K, committed 137792K, reserved 1179648K
  class space    used 19879K, committed 20352K, reserved 1048576K
}
Event: 29,692 {metaspace After GC invocations=31 (full 0):
 Metaspace       used 136825K, committed 137792K, reserved 1179648K
  class space    used 19879K, committed 20352K, reserved 1048576K
}
Event: 29,833 {metaspace Before GC invocations=32 (full 0):
 Metaspace       used 136836K, committed 137792K, reserved 1179648K
  class space    used 19879K, committed 20352K, reserved 1048576K
}
Event: 29,837 {metaspace After GC invocations=33 (full 0):
 Metaspace       used 136836K, committed 137792K, reserved 1179648K
  class space    used 19879K, committed 20352K, reserved 1048576K
}
Event: 30,562 {metaspace Before GC invocations=33 (full 0):
 Metaspace       used 137017K, committed 137984K, reserved 1179648K
  class space    used 19891K, committed 20352K, reserved 1048576K
}
Event: 30,566 {metaspace After GC invocations=34 (full 0):
 Metaspace       used 137017K, committed 137984K, reserved 1179648K
  class space    used 19891K, committed 20352K, reserved 1048576K
}

Dll operation events (11 events):
Event: 0,001 Loaded shared library /usr/lib/jvm/java-25-temurin-jdk/lib/libjava.so
Event: 0,014 Loaded shared library /usr/lib/jvm/java-25-temurin-jdk/lib/libsimdsort.so
Event: 0,111 Loaded shared library /usr/lib/jvm/java-25-temurin-jdk/lib/libnio.so
Event: 0,115 Loaded shared library /usr/lib/jvm/java-25-temurin-jdk/lib/libzip.so
Event: 0,178 Loaded shared library /usr/lib/jvm/java-25-temurin-jdk/lib/libjimage.so
Event: 0,317 Loaded shared library /usr/lib/jvm/java-25-temurin-jdk/lib/libmanagement.so
Event: 0,317 Loaded shared library /usr/lib/jvm/java-25-temurin-jdk/lib/libmanagement_ext.so
Event: 0,402 Loaded shared library /usr/lib/jvm/java-25-temurin-jdk/lib/libnet.so
Event: 3,266 Loaded shared library /usr/lib/jvm/java-25-temurin-jdk/lib/libextnet.so
Event: 5,570 Loaded shared library /usr/lib/jvm/java-25-temurin-jdk/lib/libsyslookup.so
Event: 6,644 Loaded shared library /usr/lib/jvm/java-25-temurin-jdk/lib/libverify.so

Deoptimization events (20 events):
Event: 129,731 Thread 0x00007f0fa6074730 DEOPT PACKING pc=0x00007f0f8db08bfe sp=0x00007f0e972f8b50
Event: 129,731 Thread 0x00007f0fa6074730 DEOPT UNPACKING pc=0x00007f0f938affef sp=0x00007f0e972f8018 mode 0
Event: 129,736 Thread 0x00007f0fa6074730 Uncommon trap: trap_request=0xffffffde fr.pc=0x00007f0f93fe06c8 relative=0x0000000000000848
Event: 129,736 Thread 0x00007f0fa6074730 Uncommon trap: reason=class_check action=maybe_recompile pc=0x00007f0f93fe06c8 method=org.springframework.core.MethodParameter.getGenericParameterType()Ljava/lang/reflect/Type; @ 17 c2
Event: 129,736 Thread 0x00007f0fa6074730 DEOPT PACKING pc=0x00007f0f93fe06c8 sp=0x00007f0e972fab00
Event: 129,736 Thread 0x00007f0fa6074730 DEOPT UNPACKING pc=0x00007f0f9398fcf9 sp=0x00007f0e972fab40 mode 2
Event: 188,046 Thread 0x00007f0e7c0018e0 Uncommon trap: trap_request=0xffffff45 fr.pc=0x00007f0f945a8b1c relative=0x000000000000191c
Event: 188,046 Thread 0x00007f0e7c0018e0 Uncommon trap: reason=unstable_if action=reinterpret pc=0x00007f0f945a8b1c method=java.util.concurrent.ScheduledThreadPoolExecutor$DelayedWorkQueue.take()Ljava/util/concurrent/RunnableScheduledFuture; @ 59 c2
Event: 188,046 Thread 0x00007f0e7c0018e0 DEOPT PACKING pc=0x00007f0f945a8b1c sp=0x00007f0e97bfe6b0
Event: 188,046 Thread 0x00007f0e7c0018e0 DEOPT UNPACKING pc=0x00007f0f9398fcf9 sp=0x00007f0e97bfe600 mode 2
Event: 201,456 Thread 0x00007f0fa5fdc200 Uncommon trap: trap_request=0xffffff8f fr.pc=0x00007f0f945eb38c relative=0x000000000000078c
Event: 201,456 Thread 0x00007f0fa5fdc200 Uncommon trap: reason=unhandled action=none pc=0x00007f0f945eb38c method=java.lang.Class.getConstructor0([Ljava/lang/Class;I)Ljava/lang/reflect/Constructor; @ 82 c2
Event: 201,456 Thread 0x00007f0fa5fdc200 DEOPT PACKING pc=0x00007f0f945eb38c sp=0x00007f0f492ef350
Event: 201,456 Thread 0x00007f0fa5fdc200 DEOPT UNPACKING pc=0x00007f0f9398fcf9 sp=0x00007f0f492ef2b8 mode 2
Event: 201,457 Thread 0x00007f0fa5fdc200 Uncommon trap: trap_request=0xffffffd6 fr.pc=0x00007f0f945ba938 relative=0x0000000000000238
Event: 201,457 Thread 0x00007f0fa5fdc200 Uncommon trap: reason=array_check action=maybe_recompile pc=0x00007f0f945ba938 method=java.util.Arrays.fill([Ljava/lang/Object;IILjava/lang/Object;)V @ 20 c2
Event: 201,457 Thread 0x00007f0fa5fdc200 DEOPT PACKING pc=0x00007f0f945ba938 sp=0x00007f0f492ec8c0
Event: 201,457 Thread 0x00007f0fa5fdc200 DEOPT UNPACKING pc=0x00007f0f9398fcf9 sp=0x00007f0f492ec888 mode 2
Event: 210,889 Thread 0x00007f0fa5fdc200 DEOPT PACKING pc=0x00007f0f94068cd4 sp=0x00007f0f492ef220
Event: 210,889 Thread 0x00007f0fa5fdc200 DEOPT UNPACKING pc=0x00007f0f938affef sp=0x00007f0f492ee6b8 mode 0

Classes loaded (20 events):
Event: 30,519 Loading class jdk/internal/util/xml/PropertiesDefaultHandler
Event: 30,519 Loading class jdk/internal/util/xml/PropertiesDefaultHandler done
Event: 30,519 Loading class jdk/internal/util/xml/impl/ReaderUTF8
Event: 30,519 Loading class jdk/internal/util/xml/impl/ReaderUTF8 done
Event: 30,577 Loading class java/util/CollSer
Event: 30,577 Loading class java/util/CollSer done
Event: 80,073 Loading class java/util/function/LongSupplier
Event: 80,073 Loading class java/util/function/LongSupplier done
Event: 80,084 Loading class java/lang/Throwable$WrappedPrintWriter
Event: 80,084 Loading class java/lang/Throwable$PrintStreamOrWriter
Event: 80,084 Loading class java/lang/Throwable$PrintStreamOrWriter done
Event: 80,084 Loading class java/lang/Throwable$WrappedPrintWriter done
Event: 80,088 Loading class java/util/function/IntBinaryOperator
Event: 80,088 Loading class java/util/function/IntBinaryOperator done
Event: 80,088 Loading class java/util/stream/ReduceOps$7
Event: 80,088 Loading class java/util/stream/ReduceOps$7 done
Event: 80,088 Loading class java/util/stream/ReduceOps$6ReducingSink
Event: 80,088 Loading class java/util/stream/ReduceOps$6ReducingSink done
Event: 80,108 Loading class java/time/format/DateTimeFormatterBuilder$ReducedPrinterParser
Event: 80,108 Loading class java/time/format/DateTimeFormatterBuilder$ReducedPrinterParser done

Classes unloaded (0 events):
No events

Classes redefined (3 events):
Event: 111,439 Thread 0x00007f0fa41178e0 redefined class name=sekoya.front.processus.component.ProcessusSaveDescriptionPanel$1, count=1
Event: 111,439 Thread 0x00007f0fa41178e0 redefined class name=sekoya.front.processus.component.ProcessusSaveDescriptionPanel, count=1
Event: 210,932 Thread 0x00007f0fa41178e0 redefined class name=sekoya.front.processus.page.ProcessusAddPage, count=1

Internal exceptions (20 events):
Event: 29,471 Thread 0x00007f0fa5fe24f0 Implicit null exception at 0x00007f0f945f3678 to 0x00007f0f945f5a70
Event: 29,471 Thread 0x00007f0fa5fe24f0 Implicit null exception at 0x00007f0f946a8bc1 to 0x00007f0f946a904c
Event: 30,472 Thread 0x00007f0fa5fe3620 Exception <a 'java/lang/NoSuchMethodError'{0x000000061afa9288}: 'java.lang.Object java.lang.invoke.Invokers$Holder.invoke_MT(java.lang.Object, java.lang.Object, java.lang.Object, java.lang.Object, java.lang.Object)'> (0x000000061afa9288) 
thrown [src/hotspot/share/interpreter/linkResolver.cpp, line 803]
Event: 30,512 Thread 0x00007f0fa5fe3620 Exception <a 'java/lang/NoSuchMethodError'{0x000000061a4eab00}: static [B.<clinit>()V> (0x000000061a4eab00) 
thrown [src/hotspot/share/prims/jni.cpp, line 1106]
Event: 30,574 Thread 0x00007f0fa5fe3620 Exception <a 'java/lang/NoSuchMethodError'{0x00000007ffde32d0}: static Ljava/lang/Object;.<clinit>()V> (0x00000007ffde32d0) 
thrown [src/hotspot/share/prims/jni.cpp, line 1106]
Event: 30,618 Thread 0x00007f0fa5fe3620 Exception <a 'java/lang/NoSuchMethodError'{0x00000007fecfdf88}: static [Lorg/apache/wicket/Component;.<clinit>()V> (0x00000007fecfdf88) 
thrown [src/hotspot/share/prims/jni.cpp, line 1106]
Event: 30,620 Thread 0x00007f0fa5fe3620 Exception <a 'java/lang/NoSuchMethodError'{0x00000007fed935b0}: static Lsekoya/front/processus/component/ProcessusSaveDescriptionPanel$1;.<clinit>()V> (0x00000007fed935b0) 
thrown [src/hotspot/share/prims/jni.cpp, line 1106]
Event: 30,622 Thread 0x00007f0fa5fe3620 Exception <a 'java/lang/NoSuchMethodError'{0x00000007fee028e8}: static Lsekoya/front/processus/component/ProcessusPrioriteRatingFormComponentPanel$1;.<clinit>()V> (0x00000007fee028e8) 
thrown [src/hotspot/share/prims/jni.cpp, line 1106]
Event: 30,623 Thread 0x00007f0fa5fe3620 Exception <a 'java/lang/NoSuchMethodError'{0x00000007fee4f400}: static Lorg/apache/wicket/model/IModel$2;.<clinit>()V> (0x00000007fee4f400) 
thrown [src/hotspot/share/prims/jni.cpp, line 1106]
Event: 30,625 Thread 0x00007f0fa5fe3620 Exception <a 'java/lang/NoSuchMethodError'{0x00000007fef05278}: static Lsekoya/front/processus/component/ProcessusSaveAleasPanel$1;.<clinit>()V> (0x00000007fef05278) 
thrown [src/hotspot/share/prims/jni.cpp, line 1106]
Event: 30,626 Thread 0x00007f0fa5fe3620 Exception <a 'java/lang/NoSuchMethodError'{0x00000007fef2b928}: static Lsekoya/front/processus/component/ProcessusSaveAleasPanel$2;.<clinit>()V> (0x00000007fef2b928) 
thrown [src/hotspot/share/prims/jni.cpp, line 1106]
Event: 30,629 Thread 0x00007f0fa5fe3620 Exception <a 'java/lang/NoSuchMethodError'{0x00000007fefd1110}: static Lorg/apache/wicket/request/mapper/parameter/INamedParameters$NamedPair;.<clinit>()V> (0x00000007fefd1110) 
thrown [src/hotspot/share/prims/jni.cpp, line 1106]
Event: 80,073 Thread 0x00007f0fa5fe0520 Exception <a 'java/lang/NoSuchMethodError'{0x000000061d68aab0}: 'void java.lang.invoke.DirectMethodHandle$Holder.invokeStaticInit(java.lang.Object, long, long, int)'> (0x000000061d68aab0) 
thrown [src/hotspot/share/interpreter/linkResolver.cpp, line 803]
Event: 80,074 Thread 0x00007f0fa5fe0520 Exception <a 'java/lang/NoSuchMethodError'{0x000000061d699d28}: 'void org.apache.commons.fileupload2.jakarta.servlet5.JakartaServletFileUpload.setSizeMax(long)'> (0x000000061d699d28) 
thrown [src/hotspot/share/interpreter/linkResolver.cpp, line 803]
Event: 80,119 Thread 0x00007f0fa5fe0520 Implicit null exception at 0x00007f0f94696d32 to 0x00007f0f9469714c
Event: 90,428 Thread 0x00007f0ec45cb6b0 Implicit null exception at 0x00007f0f9468d954 to 0x00007f0f9468f180
Event: 126,324 Thread 0x00007f0fa5fe4990 Exception <a 'java/lang/NoSuchMethodError'{0x00000007fe8795d8}: 'void org.apache.commons.fileupload2.jakarta.servlet5.JakartaServletFileUpload.setSizeMax(long)'> (0x00000007fe8795d8) 
thrown [src/hotspot/share/interpreter/linkResolver.cpp, line 803]
Event: 127,634 Thread 0x00007f0fa6073140 Exception <a 'java/lang/NoSuchMethodError'{0x0000000620765580}: 'void org.apache.commons.fileupload2.jakarta.servlet5.JakartaServletFileUpload.setSizeMax(long)'> (0x0000000620765580) 
thrown [src/hotspot/share/interpreter/linkResolver.cpp, line 803]
Event: 129,728 Thread 0x00007f0fa6074730 Exception <a 'java/lang/NoSuchMethodError'{0x000000061c4e2d70}: 'void org.apache.commons.fileupload2.jakarta.servlet5.JakartaServletFileUpload.setSizeMax(long)'> (0x000000061c4e2d70) 
thrown [src/hotspot/share/interpreter/linkResolver.cpp, line 803]
Event: 198,716 Thread 0x00007f0fa6075ba0 Exception <a 'java/lang/NoSuchMethodError'{0x000000061c7730e0}: 'void org.apache.commons.fileupload2.jakarta.servlet5.JakartaServletFileUpload.setSizeMax(long)'> (0x000000061c7730e0) 
thrown [src/hotspot/share/interpreter/linkResolver.cpp, line 803]

VM Operations (20 events):
Event: 205,677 Executing safepoint VM operation: get/set locals
Event: 205,677 Executing safepoint VM operation: get/set locals done
Event: 205,677 Executing safepoint VM operation: get/set locals
Event: 205,677 Executing safepoint VM operation: get/set locals done
Event: 205,677 Executing safepoint VM operation: get/set locals
Event: 205,677 Executing safepoint VM operation: get/set locals done
Event: 205,678 Executing safepoint VM operation: get/set locals
Event: 205,678 Executing safepoint VM operation: get/set locals done
Event: 205,678 Executing safepoint VM operation: get/set locals
Event: 205,678 Executing safepoint VM operation: get/set locals done
Event: 205,678 Executing safepoint VM operation: get/set locals
Event: 205,678 Executing safepoint VM operation: get/set locals done
Event: 210,888 Executing safepoint VM operation: ChangeSingleStep
Event: 210,888 Executing safepoint VM operation: ChangeSingleStep done
Event: 210,889 Executing safepoint VM operation: ChangeSingleStep
Event: 210,889 Executing safepoint VM operation: ChangeSingleStep done
Event: 210,914 Executing safepoint VM operation: RedefineClasses
Event: 210,957 Executing safepoint VM operation: RedefineClasses done
Event: 210,959 Executing safepoint VM operation: ChangeSingleStep
Event: 210,959 Executing safepoint VM operation: ChangeSingleStep done

Memory protections (20 events):
Event: 29,866 Protecting memory [0x00007f0e96900000,0x00007f0e96904000] with protection modes 0
Event: 29,866 Protecting memory [0x00007f0e95800000,0x00007f0e95804000] with protection modes 0
Event: 29,866 Protecting memory [0x00007f0e96300000,0x00007f0e96304000] with protection modes 0
Event: 29,866 Protecting memory [0x00007f0e95a00000,0x00007f0e95a04000] with protection modes 0
Event: 29,866 Protecting memory [0x00007f0e96b00000,0x00007f0e96b04000] with protection modes 0
Event: 29,866 Protecting memory [0x00007f0e95900000,0x00007f0e95904000] with protection modes 0
Event: 29,866 Protecting memory [0x00007f0e95600000,0x00007f0e95604000] with protection modes 0
Event: 30,437 Protecting memory [0x00007f0e96c00000,0x00007f0e96c04000] with protection modes 0
Event: 30,450 Protecting memory [0x00007f0f490f5000,0x00007f0f490f9000] with protection modes 0
Event: 30,527 Protecting memory [0x00007f0f49e00000,0x00007f0f49e04000] with protection modes 0
Event: 30,527 Protecting memory [0x00007f0e96d00000,0x00007f0e96d04000] with protection modes 0
Event: 33,254 Protecting memory [0x00007f0e95c00000,0x00007f0e95c04000] with protection modes 0
Event: 34,693 Protecting memory [0x00007f0e95c00000,0x00007f0e95c04000] with protection modes 0
Event: 34,693 Protecting memory [0x00007f0f806f5000,0x00007f0f806f9000] with protection modes 0
Event: 45,596 Protecting memory [0x00007f0f806f5000,0x00007f0f806f9000] with protection modes 0
Event: 124,575 Protecting memory [0x00007f0f805f5000,0x00007f0f805f9000] with protection modes 0
Event: 124,575 Protecting memory [0x00007f0f806f5000,0x00007f0f806f9000] with protection modes 0
Event: 124,575 Protecting memory [0x00007f0e95c00000,0x00007f0e95c04000] with protection modes 0
Event: 126,333 Protecting memory [0x00007f0f805f5000,0x00007f0f805f9000] with protection modes 0
Event: 201,462 Protecting memory [0x00007f0e95c00000,0x00007f0e95c04000] with protection modes 0

Nmethod flushes (20 events):
Event: 29,733 Thread 0x00007f0fa41178e0 flushing  nmethod 0x00007f0f8d4a3188
Event: 29,733 Thread 0x00007f0fa41178e0 flushing  nmethod 0x00007f0f8d500208
Event: 29,733 Thread 0x00007f0fa41178e0 flushing  nmethod 0x00007f0f8d6b4808
Event: 29,733 Thread 0x00007f0fa41178e0 flushing osr nmethod 0x00007f0f94361888
Event: 29,733 Thread 0x00007f0fa41178e0 flushing  nmethod 0x00007f0f944cbb88
Event: 29,733 Thread 0x00007f0fa41178e0 flushing  nmethod 0x00007f0f8c568a08
Event: 29,733 Thread 0x00007f0fa41178e0 flushing  nmethod 0x00007f0f8c56be88
Event: 29,733 Thread 0x00007f0fa41178e0 flushing  nmethod 0x00007f0f8c59d388
Event: 29,733 Thread 0x00007f0fa41178e0 flushing  nmethod 0x00007f0f8c5fd688
Event: 29,733 Thread 0x00007f0fa41178e0 flushing  nmethod 0x00007f0f8c6c1908
Event: 29,733 Thread 0x00007f0fa41178e0 flushing  nmethod 0x00007f0f8cbb2108
Event: 29,733 Thread 0x00007f0fa41178e0 flushing  nmethod 0x00007f0f8cec0a88
Event: 29,733 Thread 0x00007f0fa41178e0 flushing  nmethod 0x00007f0f8cec4188
Event: 29,733 Thread 0x00007f0fa41178e0 flushing  nmethod 0x00007f0f8cffab08
Event: 29,733 Thread 0x00007f0fa41178e0 flushing  nmethod 0x00007f0f8d264208
Event: 29,733 Thread 0x00007f0fa41178e0 flushing  nmethod 0x00007f0f8d2bf408
Event: 29,733 Thread 0x00007f0fa41178e0 flushing  nmethod 0x00007f0f8d2c0f08
Event: 29,733 Thread 0x00007f0fa41178e0 flushing  nmethod 0x00007f0f8d2c1a08
Event: 29,733 Thread 0x00007f0fa41178e0 flushing  nmethod 0x00007f0f8d4a0c08
Event: 29,733 Thread 0x00007f0fa41178e0 flushing  nmethod 0x00007f0f8d6bc208

Events (20 events):
Event: 34,068 Thread 0x00007f0f3861db00 Thread exited: 0x00007f0f3861db00
Event: 34,068 Thread 0x00007f0f3837f1a0 Thread exited: 0x00007f0f3837f1a0
Event: 34,693 Thread 0x00007f0fa4129eb0 Thread added: 0x00007f0f384e22b0
Event: 34,693 Thread 0x00007f0fa4129eb0 Thread added: 0x00007f0f384e3410
Event: 36,247 Thread 0x00007f0f384e3410 Thread exited: 0x00007f0f384e3410
Event: 36,247 Thread 0x00007f0f384e22b0 Thread exited: 0x00007f0f384e22b0
Event: 45,596 Thread 0x00007f0fa4129eb0 Thread added: 0x00007f0f381038b0
Event: 48,048 Thread 0x00007f0f381038b0 Thread exited: 0x00007f0f381038b0
Event: 90,428 Thread 0x00007f0ec45cb6b0 Thread exited: 0x00007f0ec45cb6b0
Event: 90,517 Thread 0x00007f0ec450d980 Thread exited: 0x00007f0ec450d980
Event: 124,575 Thread 0x00007f0fa4129eb0 Thread added: 0x00007f0f380c92e0
Event: 124,575 Thread 0x00007f0fa4129eb0 Thread added: 0x00007f0f380ca340
Event: 124,575 Thread 0x00007f0fa4129eb0 Thread added: 0x00007f0f380cb590
Event: 125,014 Thread 0x00007f0f380ca340 Thread exited: 0x00007f0f380ca340
Event: 125,014 Thread 0x00007f0f380c92e0 Thread exited: 0x00007f0f380c92e0
Event: 126,333 Thread 0x00007f0fa4129eb0 Thread added: 0x00007f0f384a3cf0
Event: 127,631 Thread 0x00007f0f384a3cf0 Thread exited: 0x00007f0f384a3cf0
Event: 133,009 Thread 0x00007f0f380cb590 Thread exited: 0x00007f0f380cb590
Event: 201,462 Thread 0x00007f0fa4129eb0 Thread added: 0x00007f0f3845d7c0
Event: 202,114 Thread 0x00007f0f3845d7c0 Thread exited: 0x00007f0f3845d7c0


Dynamic libraries:
26000000-26001000 ---p 00000000 00:00 0 
26001000-26d95000 rw-p 00001000 fc:01 1471572                            /usr/lib/jvm/java-25-temurin-jdk/lib/server/classes.jsa
26d95000-27000000 ---p 00000000 00:00 0 
27000000-27040000 rw-p 00000000 00:00 0 
27040000-27180000 rw-p 00000000 00:00 0 
27180000-272c0000 rw-p 00000000 00:00 0 
272c0000-27300000 rw-p 00000000 00:00 0 
27300000-277c0000 rw-p 00000000 00:00 0 
277c0000-27800000 rw-p 00000000 00:00 0 
27800000-27be0000 rw-p 00000000 00:00 0 
27be0000-27c00000 rw-p 00000000 00:00 0 
27c00000-27c80000 rw-p 00000000 00:00 0 
27c80000-27d40000 rw-p 00000000 00:00 0 
27d40000-27d80000 rw-p 00000000 00:00 0 
27d80000-280c0000 rw-p 00000000 00:00 0 
280c0000-280f0000 rw-p 00000000 00:00 0 
280f0000-28100000 ---p 00000000 00:00 0 
28100000-28420000 rw-p 00000000 00:00 0 
28420000-67000000 ---p 00000000 00:00 0 
60fc00000-61d800000 rw-p 00000000 00:00 0 
61d800000-620000000 ---p 00000000 00:00 0 
620000000-620800000 rw-p 00000000 00:00 0 
620800000-7fe800000 ---p 00000000 00:00 0 
7fe800000-7ffc00000 rw-p 00000000 00:00 0 
7ffc00000-7ffd24000 rw-p 00dc9000 fc:01 1471572                          /usr/lib/jvm/java-25-temurin-jdk/lib/server/classes.jsa
7ffd24000-800000000 rw-p 00000000 00:00 0 
557f93ad7000-557f93ad8000 r--p 00000000 fc:01 1450696                    /usr/lib/jvm/java-25-temurin-jdk/bin/java
557f93ad8000-557f93ad9000 r-xp 00001000 fc:01 1450696                    /usr/lib/jvm/java-25-temurin-jdk/bin/java
557f93ad9000-557f93ada000 r--p 00002000 fc:01 1450696                    /usr/lib/jvm/java-25-temurin-jdk/bin/java
557f93ada000-557f93adb000 r--p 00002000 fc:01 1450696                    /usr/lib/jvm/java-25-temurin-jdk/bin/java
557f93adb000-557f93adc000 rw-p 00003000 fc:01 1450696                    /usr/lib/jvm/java-25-temurin-jdk/bin/java
557fbcbd6000-557fbcc27000 rw-p 00000000 00:00 0                          [heap]
7f0dd4000000-7f0dd4021000 rw-p 00000000 00:00 0 
7f0dd4021000-7f0dd8000000 ---p 00000000 00:00 0 
7f0dd8000000-7f0dd8021000 rw-p 00000000 00:00 0 
7f0dd8021000-7f0ddc000000 ---p 00000000 00:00 0 
7f0ddc000000-7f0ddc0f1000 rw-p 00000000 00:00 0 
7f0ddc0f1000-7f0de0000000 ---p 00000000 00:00 0 
7f0de0000000-7f0de0054000 rw-p 00000000 00:00 0 
7f0de0054000-7f0de4000000 ---p 00000000 00:00 0 
7f0de4000000-7f0de404d000 rw-p 00000000 00:00 0 
7f0de404d000-7f0de8000000 ---p 00000000 00:00 0 
7f0de8000000-7f0de8033000 rw-p 00000000 00:00 0 
7f0de8033000-7f0dec000000 ---p 00000000 00:00 0 
7f0dec000000-7f0dec092000 rw-p 00000000 00:00 0 
7f0dec092000-7f0df0000000 ---p 00000000 00:00 0 
7f0df0000000-7f0df0021000 rw-p 00000000 00:00 0 
7f0df0021000-7f0df4000000 ---p 00000000 00:00 0 
7f0df4000000-7f0df4036000 rw-p 00000000 00:00 0 
7f0df4036000-7f0df8000000 ---p 00000000 00:00 0 
7f0df8000000-7f0df804b000 rw-p 00000000 00:00 0 
7f0df804b000-7f0dfc000000 ---p 00000000 00:00 0 
7f0dfc000000-7f0dfc044000 rw-p 00000000 00:00 0 
7f0dfc044000-7f0e00000000 ---p 00000000 00:00 0 
7f0e00000000-7f0e0004c000 rw-p 00000000 00:00 0 
7f0e0004c000-7f0e04000000 ---p 00000000 00:00 0 
7f0e04000000-7f0e04037000 rw-p 00000000 00:00 0 
7f0e04037000-7f0e08000000 ---p 00000000 00:00 0 
7f0e08000000-7f0e08035000 rw-p 00000000 00:00 0 
7f0e08035000-7f0e0c000000 ---p 00000000 00:00 0 
7f0e0c000000-7f0e0c0a4000 rw-p 00000000 00:00 0 
7f0e0c0a4000-7f0e10000000 ---p 00000000 00:00 0 
7f0e10000000-7f0e1004d000 rw-p 00000000 00:00 0 
7f0e1004d000-7f0e14000000 ---p 00000000 00:00 0 
7f0e14000000-7f0e14075000 rw-p 00000000 00:00 0 
7f0e14075000-7f0e18000000 ---p 00000000 00:00 0 
7f0e18000000-7f0e1814e000 rw-p 00000000 00:00 0 
7f0e1814e000-7f0e1c000000 ---p 00000000 00:00 0 
7f0e1c000000-7f0e1c032000 rw-p 00000000 00:00 0 
7f0e1c032000-7f0e20000000 ---p 00000000 00:00 0 
7f0e20000000-7f0e20043000 rw-p 00000000 00:00 0 
7f0e20043000-7f0e24000000 ---p 00000000 00:00 0 
7f0e24000000-7f0e240f7000 rw-p 00000000 00:00 0 
7f0e240f7000-7f0e28000000 ---p 00000000 00:00 0 
7f0e28000000-7f0e2804a000 rw-p 00000000 00:00 0 
7f0e2804a000-7f0e2c000000 ---p 00000000 00:00 0 
7f0e2c000000-7f0e2c037000 rw-p 00000000 00:00 0 
7f0e2c037000-7f0e30000000 ---p 00000000 00:00 0 
7f0e30000000-7f0e30059000 rw-p 00000000 00:00 0 
7f0e30059000-7f0e34000000 ---p 00000000 00:00 0 
7f0e34000000-7f0e34708000 rw-p 00000000 00:00 0 
7f0e34708000-7f0e38000000 ---p 00000000 00:00 0 
7f0e38000000-7f0e3806b000 rw-p 00000000 00:00 0 
7f0e3806b000-7f0e3c000000 ---p 00000000 00:00 0 
7f0e3c000000-7f0e3cc66000 rw-p 00000000 00:00 0 
7f0e3cc66000-7f0e40000000 ---p 00000000 00:00 0 
7f0e40000000-7f0e4036c000 rw-p 00000000 00:00 0 
7f0e4036c000-7f0e44000000 ---p 00000000 00:00 0 
7f0e44000000-7f0e44021000 rw-p 00000000 00:00 0 
7f0e44021000-7f0e48000000 ---p 00000000 00:00 0 
7f0e48000000-7f0e4905e000 rw-p 00000000 00:00 0 
7f0e4905e000-7f0e4c000000 ---p 00000000 00:00 0 
7f0e4c000000-7f0e4c021000 rw-p 00000000 00:00 0 
7f0e4c021000-7f0e50000000 ---p 00000000 00:00 0 
7f0e50000000-7f0e50021000 rw-p 00000000 00:00 0 
7f0e50021000-7f0e54000000 ---p 00000000 00:00 0 
7f0e54000000-7f0e54093000 rw-p 00000000 00:00 0 
7f0e54093000-7f0e58000000 ---p 00000000 00:00 0 
7f0e58000000-7f0e58095000 rw-p 00000000 00:00 0 
7f0e58095000-7f0e5c000000 ---p 00000000 00:00 0 
7f0e5c000000-7f0e5c04e000 rw-p 00000000 00:00 0 
7f0e5c04e000-7f0e60000000 ---p 00000000 00:00 0 
7f0e60000000-7f0e60098000 rw-p 00000000 00:00 0 
7f0e60098000-7f0e64000000 ---p 00000000 00:00 0 
7f0e64000000-7f0e6412b000 rw-p 00000000 00:00 0 
7f0e6412b000-7f0e68000000 ---p 00000000 00:00 0 
7f0e68000000-7f0e68151000 rw-p 00000000 00:00 0 
7f0e68151000-7f0e6c000000 ---p 00000000 00:00 0 
7f0e6c000000-7f0e6c021000 rw-p 00000000 00:00 0 
7f0e6c021000-7f0e70000000 ---p 00000000 00:00 0 
7f0e70000000-7f0e70250000 rw-p 00000000 00:00 0 
7f0e70250000-7f0e74000000 ---p 00000000 00:00 0 
7f0e74000000-7f0e74021000 rw-p 00000000 00:00 0 
7f0e74021000-7f0e78000000 ---p 00000000 00:00 0 
7f0e78000000-7f0e78021000 rw-p 00000000 00:00 0 
7f0e78021000-7f0e7c000000 ---p 00000000 00:00 0 
7f0e7c000000-7f0e7c021000 rw-p 00000000 00:00 0 
7f0e7c021000-7f0e80000000 ---p 00000000 00:00 0 
7f0e80000000-7f0e80021000 rw-p 00000000 00:00 0 
7f0e80021000-7f0e84000000 ---p 00000000 00:00 0 
7f0e84000000-7f0e84021000 rw-p 00000000 00:00 0 
7f0e84021000-7f0e88000000 ---p 00000000 00:00 0 
7f0e88000000-7f0e88021000 rw-p 00000000 00:00 0 
7f0e88021000-7f0e8c000000 ---p 00000000 00:00 0 
7f0e8c000000-7f0e8c021000 rw-p 00000000 00:00 0 
7f0e8c021000-7f0e90000000 ---p 00000000 00:00 0 
7f0e90000000-7f0e90021000 rw-p 00000000 00:00 0 
7f0e90021000-7f0e94000000 ---p 00000000 00:00 0 
7f0e95200000-7f0e95204000 ---p 00000000 00:00 0 
7f0e95204000-7f0e95300000 rw-p 00000000 00:00 0 
7f0e95300000-7f0e95304000 ---p 00000000 00:00 0 
7f0e95304000-7f0e95400000 rw-p 00000000 00:00 0 
7f0e95400000-7f0e95404000 ---p 00000000 00:00 0 
7f0e95404000-7f0e95500000 rw-p 00000000 00:00 0 
7f0e95500000-7f0e95504000 ---p 00000000 00:00 0 
7f0e95504000-7f0e95600000 rw-p 00000000 00:00 0 
7f0e95600000-7f0e95604000 ---p 00000000 00:00 0 
7f0e95604000-7f0e95700000 rw-p 00000000 00:00 0 
7f0e95700000-7f0e95704000 ---p 00000000 00:00 0 
7f0e95704000-7f0e95800000 rw-p 00000000 00:00 0 
7f0e95800000-7f0e95804000 ---p 00000000 00:00 0 
7f0e95804000-7f0e95900000 rw-p 00000000 00:00 0 
7f0e95900000-7f0e95904000 ---p 00000000 00:00 0 
7f0e95904000-7f0e95a00000 rw-p 00000000 00:00 0 
7f0e95a00000-7f0e95a04000 ---p 00000000 00:00 0 
7f0e95a04000-7f0e95b00000 rw-p 00000000 00:00 0 
7f0e95b00000-7f0e95b04000 ---p 00000000 00:00 0 
7f0e95b04000-7f0e95c00000 rw-p 00000000 00:00 0 
7f0e95c00000-7f0e95c04000 ---p 00000000 00:00 0 
7f0e95c04000-7f0e95d00000 rw-p 00000000 00:00 0 
7f0e95d00000-7f0e95d04000 ---p 00000000 00:00 0 
7f0e95d04000-7f0e95e00000 rw-p 00000000 00:00 0 
7f0e95e00000-7f0e95e04000 ---p 00000000 00:00 0 
7f0e95e04000-7f0e95f00000 rw-p 00000000 00:00 0 
7f0e95f00000-7f0e95f04000 ---p 00000000 00:00 0 
7f0e95f04000-7f0e96000000 rw-p 00000000 00:00 0 
7f0e96000000-7f0e96004000 ---p 00000000 00:00 0 
7f0e96004000-7f0e96100000 rw-p 00000000 00:00 0 
7f0e96100000-7f0e96104000 ---p 00000000 00:00 0 
7f0e96104000-7f0e96200000 rw-p 00000000 00:00 0 
7f0e96200000-7f0e96204000 ---p 00000000 00:00 0 
7f0e96204000-7f0e96300000 rw-p 00000000 00:00 0 
7f0e96300000-7f0e96304000 ---p 00000000 00:00 0 
7f0e96304000-7f0e96400000 rw-p 00000000 00:00 0 
7f0e96400000-7f0e96404000 ---p 00000000 00:00 0 
7f0e96404000-7f0e96500000 rw-p 00000000 00:00 0 
7f0e96500000-7f0e96504000 ---p 00000000 00:00 0 
7f0e96504000-7f0e96600000 rw-p 00000000 00:00 0 
7f0e96600000-7f0e96604000 ---p 00000000 00:00 0 
7f0e96604000-7f0e96700000 rw-p 00000000 00:00 0 
7f0e96700000-7f0e96704000 ---p 00000000 00:00 0 
7f0e96704000-7f0e96800000 rw-p 00000000 00:00 0 
7f0e96800000-7f0e96804000 ---p 00000000 00:00 0 
7f0e96804000-7f0e96900000 rw-p 00000000 00:00 0 
7f0e96900000-7f0e96904000 ---p 00000000 00:00 0 
7f0e96904000-7f0e96a00000 rw-p 00000000 00:00 0 
7f0e96a00000-7f0e96a04000 ---p 00000000 00:00 0 
7f0e96a04000-7f0e96b00000 rw-p 00000000 00:00 0 
7f0e96b00000-7f0e96b04000 ---p 00000000 00:00 0 
7f0e96b04000-7f0e96c00000 rw-p 00000000 00:00 0 
7f0e96c00000-7f0e96c04000 ---p 00000000 00:00 0 
7f0e96c04000-7f0e96d00000 rw-p 00000000 00:00 0 
7f0e96d00000-7f0e96d04000 ---p 00000000 00:00 0 
7f0e96d04000-7f0e96e00000 rw-p 00000000 00:00 0 
7f0e96e00000-7f0e96e04000 ---p 00000000 00:00 0 
7f0e96e04000-7f0e96f00000 rw-p 00000000 00:00 0 
7f0e96f00000-7f0e96f04000 ---p 00000000 00:00 0 
7f0e96f04000-7f0e97000000 rw-p 00000000 00:00 0 
7f0e97000000-7f0e97004000 ---p 00000000 00:00 0 
7f0e97004000-7f0e97100000 rw-p 00000000 00:00 0 
7f0e97100000-7f0e97104000 ---p 00000000 00:00 0 
7f0e97104000-7f0e97200000 rw-p 00000000 00:00 0 
7f0e97200000-7f0e97204000 ---p 00000000 00:00 0 
7f0e97204000-7f0e97300000 rw-p 00000000 00:00 0 
7f0e97300000-7f0e97304000 ---p 00000000 00:00 0 
7f0e97304000-7f0e97400000 rw-p 00000000 00:00 0 
7f0e97400000-7f0e97404000 ---p 00000000 00:00 0 
7f0e97404000-7f0e97500000 rw-p 00000000 00:00 0 
7f0e97500000-7f0e97504000 ---p 00000000 00:00 0 
7f0e97504000-7f0e97600000 rw-p 00000000 00:00 0 
7f0e97600000-7f0e97604000 ---p 00000000 00:00 0 
7f0e97604000-7f0e97700000 rw-p 00000000 00:00 0 
7f0e97700000-7f0e97704000 ---p 00000000 00:00 0 
7f0e97704000-7f0e97800000 rw-p 00000000 00:00 0 
7f0e97800000-7f0e97804000 ---p 00000000 00:00 0 
7f0e97804000-7f0e97900000 rw-p 00000000 00:00 0 
7f0e97900000-7f0e97904000 ---p 00000000 00:00 0 
7f0e97904000-7f0e97a00000 rw-p 00000000 00:00 0 
7f0e97a00000-7f0e97a04000 ---p 00000000 00:00 0 
7f0e97a04000-7f0e97b00000 rw-p 00000000 00:00 0 
7f0e97b00000-7f0e97b04000 ---p 00000000 00:00 0 
7f0e97b04000-7f0e97c00000 rw-p 00000000 00:00 0 
7f0e97c00000-7f0e97c04000 ---p 00000000 00:00 0 
7f0e97c04000-7f0e97d00000 rw-p 00000000 00:00 0 
7f0e97d00000-7f0e97d04000 ---p 00000000 00:00 0 
7f0e97d04000-7f0e97e00000 rw-p 00000000 00:00 0 
7f0e97e00000-7f0e97e04000 ---p 00000000 00:00 0 
7f0e97e04000-7f0e97f00000 rw-p 00000000 00:00 0 
7f0e97f00000-7f0e97f04000 ---p 00000000 00:00 0 
7f0e97f04000-7f0e98000000 rw-p 00000000 00:00 0 
7f0e98000000-7f0e98021000 rw-p 00000000 00:00 0 
7f0e98021000-7f0e9c000000 ---p 00000000 00:00 0 
7f0e9c000000-7f0e9c021000 rw-p 00000000 00:00 0 
7f0e9c021000-7f0ea0000000 ---p 00000000 00:00 0 
7f0ea0000000-7f0ea0021000 rw-p 00000000 00:00 0 
7f0ea0021000-7f0ea4000000 ---p 00000000 00:00 0 
7f0ea4000000-7f0ea4021000 rw-p 00000000 00:00 0 
7f0ea4021000-7f0ea8000000 ---p 00000000 00:00 0 
7f0ea8000000-7f0ea8021000 rw-p 00000000 00:00 0 
7f0ea8021000-7f0eac000000 ---p 00000000 00:00 0 
7f0eac000000-7f0eac021000 rw-p 00000000 00:00 0 
7f0eac021000-7f0eb0000000 ---p 00000000 00:00 0 
7f0eb0000000-7f0eb0900000 rw-p 00000000 00:00 0 
7f0eb0900000-7f0eb0a00000 rw-p 00000000 00:00 0 
7f0eb0a00000-7f0eb0f00000 rw-p 00000000 00:00 0 
7f0eb0f00000-7f0eb1700000 rw-p 00000000 00:00 0 
7f0eb1700000-7f0eb1900000 rw-p 00000000 00:00 0 
7f0eb1900000-7f0eb1a00000 rw-p 00000000 00:00 0 
7f0eb1a00000-7f0eb2200000 rw-p 00000000 00:00 0 
7f0eb2200000-7f0eb2d00000 rw-p 00000000 00:00 0 
7f0eb2d00000-7f0eb2df0000 rw-p 00000000 00:00 0 
7f0eb2df0000-7f0eb2e00000 ---p 00000000 00:00 0 
7f0eb2e00000-7f0eb3490000 rw-p 00000000 00:00 0 
7f0eb3490000-7f0eb4000000 ---p 00000000 00:00 0 
7f0eb4000000-7f0eb4021000 rw-p 00000000 00:00 0 
7f0eb4021000-7f0eb8000000 ---p 00000000 00:00 0 
7f0eb8000000-7f0eb80f3000 rw-p 00000000 00:00 0 
7f0eb80f3000-7f0ebc000000 ---p 00000000 00:00 0 
7f0ebc000000-7f0ebe8a7000 rw-p 00000000 00:00 0 
7f0ebe8a7000-7f0ec0000000 ---p 00000000 00:00 0 
7f0ec0000000-7f0ec0021000 rw-p 00000000 00:00 0 
7f0ec0021000-7f0ec4000000 ---p 00000000 00:00 0 
7f0ec4000000-7f0ec63a6000 rw-p 00000000 00:00 0 
7f0ec63a6000-7f0ec8000000 ---p 00000000 00:00 0 
7f0ec8000000-7f0ecb13c000 rw-p 00000000 00:00 0 
7f0ecb13c000-7f0ecc000000 ---p 00000000 00:00 0 
7f0ecc000000-7f0ecc021000 rw-p 00000000 00:00 0 
7f0ecc021000-7f0ed0000000 ---p 00000000 00:00 0 
7f0ed0000000-7f0ed2660000 rw-p 00000000 00:00 0 
7f0ed2660000-7f0ed4000000 ---p 00000000 00:00 0 
7f0ed4000000-7f0ed6e98000 rw-p 00000000 00:00 0 
7f0ed6e98000-7f0ed8000000 ---p 00000000 00:00 0 
7f0ed8000000-7f0ed8021000 rw-p 00000000 00:00 0 
7f0ed8021000-7f0edc000000 ---p 00000000 00:00 0 
7f0edc000000-7f0edc021000 rw-p 00000000 00:00 0 
7f0edc021000-7f0ee0000000 ---p 00000000 00:00 0 
7f0ee0000000-7f0ee0165000 rw-p 00000000 00:00 0 
7f0ee0165000-7f0ee4000000 ---p 00000000 00:00 0 
7f0ee4000000-7f0ee4021000 rw-p 00000000 00:00 0 
7f0ee4021000-7f0ee8000000 ---p 00000000 00:00 0 
7f0ee8000000-7f0ee8021000 rw-p 00000000 00:00 0 
7f0ee8021000-7f0eec000000 ---p 00000000 00:00 0 
7f0eec000000-7f0eec021000 rw-p 00000000 00:00 0 
7f0eec021000-7f0ef0000000 ---p 00000000 00:00 0 
7f0ef0000000-7f0ef0021000 rw-p 00000000 00:00 0 
7f0ef0021000-7f0ef4000000 ---p 00000000 00:00 0 
7f0ef4000000-7f0ef4021000 rw-p 00000000 00:00 0 
7f0ef4021000-7f0ef8000000 ---p 00000000 00:00 0 
7f0ef8000000-7f0ef8021000 rw-p 00000000 00:00 0 
7f0ef8021000-7f0efc000000 ---p 00000000 00:00 0 
7f0efc000000-7f0efc021000 rw-p 00000000 00:00 0 
7f0efc021000-7f0f00000000 ---p 00000000 00:00 0 
7f0f00000000-7f0f00021000 rw-p 00000000 00:00 0 
7f0f00021000-7f0f04000000 ---p 00000000 00:00 0 
7f0f04000000-7f0f04021000 rw-p 00000000 00:00 0 
7f0f04021000-7f0f08000000 ---p 00000000 00:00 0 
7f0f08000000-7f0f08021000 rw-p 00000000 00:00 0 
7f0f08021000-7f0f0c000000 ---p 00000000 00:00 0 
7f0f0c000000-7f0f0c8e7000 rw-p 00000000 00:00 0 
7f0f0c8e7000-7f0f10000000 ---p 00000000 00:00 0 
7f0f10000000-7f0f130e8000 rw-p 00000000 00:00 0 
7f0f130e8000-7f0f14000000 ---p 00000000 00:00 0 
7f0f14000000-7f0f14021000 rw-p 00000000 00:00 0 
7f0f14021000-7f0f18000000 ---p 00000000 00:00 0 
7f0f18000000-7f0f1882f000 rw-p 00000000 00:00 0 
7f0f1882f000-7f0f1c000000 ---p 00000000 00:00 0 
7f0f1c000000-7f0f1c021000 rw-p 00000000 00:00 0 
7f0f1c021000-7f0f20000000 ---p 00000000 00:00 0 
7f0f20000000-7f0f20021000 rw-p 00000000 00:00 0 
7f0f20021000-7f0f24000000 ---p 00000000 00:00 0 
7f0f24000000-7f0f24180000 rw-p 00000000 00:00 0 
7f0f24180000-7f0f28000000 ---p 00000000 00:00 0 
7f0f28000000-7f0f28021000 rw-p 00000000 00:00 0 
7f0f28021000-7f0f2c000000 ---p 00000000 00:00 0 
7f0f2c000000-7f0f2c950000 rw-p 00000000 00:00 0 
7f0f2c950000-7f0f30000000 ---p 00000000 00:00 0 
7f0f30000000-7f0f3255c000 rw-p 00000000 00:00 0 
7f0f3255c000-7f0f34000000 ---p 00000000 00:00 0 
7f0f34000000-7f0f371ac000 rw-p 00000000 00:00 0 
7f0f371ac000-7f0f38000000 ---p 00000000 00:00 0 
7f0f38000000-7f0f387e6000 rw-p 00000000 00:00 0 
7f0f387e6000-7f0f3c000000 ---p 00000000 00:00 0 
7f0f3c000000-7f0f3c021000 rw-p 00000000 00:00 0 
7f0f3c021000-7f0f40000000 ---p 00000000 00:00 0 
7f0f40000000-7f0f40021000 rw-p 00000000 00:00 0 
7f0f40021000-7f0f44000000 ---p 00000000 00:00 0 
7f0f44000000-7f0f44021000 rw-p 00000000 00:00 0 
7f0f44021000-7f0f48000000 ---p 00000000 00:00 0 
7f0f480f2000-7f0f480f6000 ---p 00000000 00:00 0 
7f0f480f6000-7f0f481f2000 rw-p 00000000 00:00 0 
7f0f481f2000-7f0f481f6000 ---p 00000000 00:00 0 
7f0f481f6000-7f0f482f2000 rw-p 00000000 00:00 0 
7f0f482f2000-7f0f482f6000 ---p 00000000 00:00 0 
7f0f482f6000-7f0f483f2000 rw-p 00000000 00:00 0 
7f0f483f2000-7f0f483f6000 ---p 00000000 00:00 0 
7f0f483f6000-7f0f484f2000 rw-p 00000000 00:00 0 
7f0f484f2000-7f0f484f6000 ---p 00000000 00:00 0 
7f0f484f6000-7f0f485f2000 rw-p 00000000 00:00 0 
7f0f485f2000-7f0f485f6000 ---p 00000000 00:00 0 
7f0f485f6000-7f0f486f2000 rw-p 00000000 00:00 0 
7f0f486f2000-7f0f486f6000 ---p 00000000 00:00 0 
7f0f486f6000-7f0f487f2000 rw-p 00000000 00:00 0 
7f0f487f2000-7f0f487f6000 ---p 00000000 00:00 0 
7f0f487f6000-7f0f488f2000 rw-p 00000000 00:00 0 
7f0f488f2000-7f0f488f6000 ---p 00000000 00:00 0 
7f0f488f6000-7f0f489f2000 rw-p 00000000 00:00 0 
7f0f489f2000-7f0f489f6000 ---p 00000000 00:00 0 
7f0f489f6000-7f0f48af2000 rw-p 00000000 00:00 0 
7f0f48af2000-7f0f48af6000 ---p 00000000 00:00 0 
7f0f48af6000-7f0f48bf2000 rw-p 00000000 00:00 0 
7f0f48bf2000-7f0f48bf6000 ---p 00000000 00:00 0 
7f0f48bf6000-7f0f48cf2000 rw-p 00000000 00:00 0 
7f0f48cf2000-7f0f48cf6000 ---p 00000000 00:00 0 
7f0f48cf6000-7f0f490f5000 rw-p 00000000 00:00 0 
7f0f490f5000-7f0f490f9000 ---p 00000000 00:00 0 
7f0f490f9000-7f0f491f5000 rw-p 00000000 00:00 0 
7f0f491f5000-7f0f491f9000 ---p 00000000 00:00 0 
7f0f491f9000-7f0f49e00000 rw-p 00000000 00:00 0 
7f0f49e00000-7f0f49e04000 ---p 00000000 00:00 0 
7f0f49e04000-7f0f49f00000 rw-p 00000000 00:00 0 
7f0f49f00000-7f0f49f04000 ---p 00000000 00:00 0 
7f0f49f04000-7f0f4a000000 rw-p 00000000 00:00 0 
7f0f4a000000-7f0f57e70000 r--p 00000000 fc:01 1441920                    /usr/lib/locale/locale-archive
7f0f57f00000-7f0f57f04000 ---p 00000000 00:00 0 
7f0f57f04000-7f0f58000000 rw-p 00000000 00:00 0 
7f0f58000000-7f0f58400000 rw-p 00000000 00:00 0 
7f0f58400000-7f0f58d00000 rw-p 00000000 00:00 0 
7f0f58d00000-7f0f58e00000 rw-p 00000000 00:00 0 
7f0f58e00000-7f0f591c0000 rw-p 00000000 00:00 0 
7f0f591c0000-7f0f59200000 rw-p 00000000 00:00 0 
7f0f59200000-7f0f59300000 rw-p 00000000 00:00 0 
7f0f59300000-7f0f59400000 rw-p 00000000 00:00 0 
7f0f59400000-7f0f59d80000 rw-p 00000000 00:00 0 
7f0f59d80000-7f0f59e00000 rw-p 00000000 00:00 0 
7f0f59e00000-7f0f5a3c0000 rw-p 00000000 00:00 0 
7f0f5a3c0000-7f0f5a500000 rw-p 00000000 00:00 0 
7f0f5a500000-7f0f5a600000 rw-p 00000000 00:00 0 
7f0f5a600000-7f0f5b6c0000 rw-p 00000000 00:00 0 
7f0f5b6c0000-7f0f5b700000 rw-p 00000000 00:00 0 
7f0f5b700000-7f0f5bd00000 rw-p 00000000 00:00 0 
7f0f5bd00000-7f0f5be00000 rw-p 00000000 00:00 0 
7f0f5be00000-7f0f5c000000 rw-p 00000000 00:00 0 
7f0f5c000000-7f0f5c021000 rw-p 00000000 00:00 0 
7f0f5c021000-7f0f60000000 ---p 00000000 00:00 0 
7f0f60000000-7f0f60021000 rw-p 00000000 00:00 0 
7f0f60021000-7f0f64000000 ---p 00000000 00:00 0 
7f0f64000000-7f0f64021000 rw-p 00000000 00:00 0 
7f0f64021000-7f0f68000000 ---p 00000000 00:00 0 
7f0f68000000-7f0f6804b000 rw-p 00000000 00:00 0 
7f0f6804b000-7f0f6c000000 ---p 00000000 00:00 0 
7f0f6c000000-7f0f6c021000 rw-p 00000000 00:00 0 
7f0f6c021000-7f0f70000000 ---p 00000000 00:00 0 
7f0f70000000-7f0f70021000 rw-p 00000000 00:00 0 
7f0f70021000-7f0f74000000 ---p 00000000 00:00 0 
7f0f74000000-7f0f74021000 rw-p 00000000 00:00 0 
7f0f74021000-7f0f78000000 ---p 00000000 00:00 0 
7f0f78000000-7f0f78021000 rw-p 00000000 00:00 0 
7f0f78021000-7f0f7c000000 ---p 00000000 00:00 0 
7f0f7c000000-7f0f7c021000 rw-p 00000000 00:00 0 
7f0f7c021000-7f0f80000000 ---p 00000000 00:00 0 
7f0f80059000-7f0f8005d000 ---p 00000000 00:00 0 
7f0f8005d000-7f0f8007b000 rw-p 00000000 00:00 0 
7f0f8007b000-7f0f8007f000 r--p 00000000 fc:01 1471558                    /usr/lib/jvm/java-25-temurin-jdk/lib/libverify.so
7f0f8007f000-7f0f80088000 r-xp 00004000 fc:01 1471558                    /usr/lib/jvm/java-25-temurin-jdk/lib/libverify.so
7f0f80088000-7f0f8008a000 r--p 0000d000 fc:01 1471558                    /usr/lib/jvm/java-25-temurin-jdk/lib/libverify.so
7f0f8008a000-7f0f8008c000 r--p 0000e000 fc:01 1471558                    /usr/lib/jvm/java-25-temurin-jdk/lib/libverify.so
7f0f8008c000-7f0f8008d000 rw-p 00010000 fc:01 1471558                    /usr/lib/jvm/java-25-temurin-jdk/lib/libverify.so
7f0f8008d000-7f0f800b0000 r-xp 00000000 fc:01 1441824                    /usr/lib64/libgcc_s-15-20260123.so.1
7f0f800b0000-7f0f800b7000 r--p 00023000 fc:01 1441824                    /usr/lib64/libgcc_s-15-20260123.so.1
7f0f800b7000-7f0f800b8000 r--p 0002a000 fc:01 1441824                    /usr/lib64/libgcc_s-15-20260123.so.1
7f0f800b8000-7f0f800b9000 rw-p 00000000 00:00 0 
7f0f800b9000-7f0f800bf000 r-xp 00000000 fc:01 1477707                    /usr/lib64/libcap.so.2.76
7f0f800bf000-7f0f800c3000 r--p 00006000 fc:01 1477707                    /usr/lib64/libcap.so.2.76
7f0f800c3000-7f0f800c4000 r--p 00009000 fc:01 1477707                    /usr/lib64/libcap.so.2.76
7f0f800c4000-7f0f800c5000 rw-p 0000a000 fc:01 1477707                    /usr/lib64/libcap.so.2.76
7f0f800c5000-7f0f800de000 r-xp 00000000 fc:01 1443821                    /usr/lib64/libnss_myhostname.so.2
7f0f800de000-7f0f800ef000 r--p 00019000 fc:01 1443821                    /usr/lib64/libnss_myhostname.so.2
7f0f800ef000-7f0f800f4000 r--p 0002a000 fc:01 1443821                    /usr/lib64/libnss_myhostname.so.2
7f0f800f4000-7f0f800f5000 rw-p 0002f000 fc:01 1443821                    /usr/lib64/libnss_myhostname.so.2
7f0f800f5000-7f0f800f9000 ---p 00000000 00:00 0 
7f0f800f9000-7f0f801f5000 rw-p 00000000 00:00 0 
7f0f801f5000-7f0f801f9000 ---p 00000000 00:00 0 
7f0f801f9000-7f0f802f5000 rw-p 00000000 00:00 0 
7f0f802f5000-7f0f802f9000 ---p 00000000 00:00 0 
7f0f802f9000-7f0f803f5000 rw-p 00000000 00:00 0 
7f0f803f5000-7f0f803f9000 ---p 00000000 00:00 0 
7f0f803f9000-7f0f804f5000 rw-p 00000000 00:00 0 
7f0f804f5000-7f0f804f9000 ---p 00000000 00:00 0 
7f0f804f9000-7f0f805f5000 rw-p 00000000 00:00 0 
7f0f805f5000-7f0f805f9000 ---p 00000000 00:00 0 
7f0f805f9000-7f0f806f5000 rw-p 00000000 00:00 0 
7f0f806f5000-7f0f806f9000 ---p 00000000 00:00 0 
7f0f806f9000-7f0f807f5000 rw-p 00000000 00:00 0 
7f0f807f5000-7f0f807f9000 ---p 00000000 00:00 0 
7f0f807f9000-7f0f808f5000 rw-p 00000000 00:00 0 
7f0f808f5000-7f0f808f9000 ---p 00000000 00:00 0 
7f0f808f9000-7f0f809f5000 rw-p 00000000 00:00 0 
7f0f809f5000-7f0f809f9000 ---p 00000000 00:00 0 
7f0f809f9000-7f0f80af5000 rw-p 00000000 00:00 0 
7f0f80af5000-7f0f80af9000 ---p 00000000 00:00 0 
7f0f80af9000-7f0f80bf5000 rw-p 00000000 00:00 0 
7f0f80bf5000-7f0f80bf9000 ---p 00000000 00:00 0 
7f0f80bf9000-7f0f80df6000 rw-p 00000000 00:00 0 
7f0f80df6000-7f0f80dfa000 ---p 00000000 00:00 0 
7f0f80dfa000-7f0f80ff8000 rw-p 00000000 00:00 0 
7f0f80ff8000-7f0f80ffc000 ---p 00000000 00:00 0 
7f0f80ffc000-7f0f812fb000 rw-p 00000000 00:00 0 
7f0f812fb000-7f0f83800000 rw-p 00000000 00:00 0 
7f0f83811000-7f0f83812000 r--p 00000000 fc:01 1471557                    /usr/lib/jvm/java-25-temurin-jdk/lib/libsyslookup.so
7f0f83812000-7f0f83813000 r-xp 00001000 fc:01 1471557                    /usr/lib/jvm/java-25-temurin-jdk/lib/libsyslookup.so
7f0f83813000-7f0f83814000 r--p 00002000 fc:01 1471557                    /usr/lib/jvm/java-25-temurin-jdk/lib/libsyslookup.so
7f0f83814000-7f0f83815000 r--p 00002000 fc:01 1471557                    /usr/lib/jvm/java-25-temurin-jdk/lib/libsyslookup.so
7f0f83815000-7f0f83816000 rw-p 00003000 fc:01 1471557                    /usr/lib/jvm/java-25-temurin-jdk/lib/libsyslookup.so
7f0f83816000-7f0f83817000 r--p 00000000 fc:01 1471527                    /usr/lib/jvm/java-25-temurin-jdk/lib/libextnet.so
7f0f83817000-7f0f83818000 r-xp 00001000 fc:01 1471527                    /usr/lib/jvm/java-25-temurin-jdk/lib/libextnet.so
7f0f83818000-7f0f83819000 r--p 00002000 fc:01 1471527                    /usr/lib/jvm/java-25-temurin-jdk/lib/libextnet.so
7f0f83819000-7f0f8381a000 r--p 00002000 fc:01 1471527                    /usr/lib/jvm/java-25-temurin-jdk/lib/libextnet.so
7f0f8381a000-7f0f8381b000 rw-p 00003000 fc:01 1471527                    /usr/lib/jvm/java-25-temurin-jdk/lib/libextnet.so
7f0f8381b000-7f0f8381d000 r--p 00000000 fc:01 1471560                    /usr/lib/jvm/java-25-temurin-jdk/lib/libzip.so
7f0f8381d000-7f0f83830000 r-xp 00002000 fc:01 1471560                    /usr/lib/jvm/java-25-temurin-jdk/lib/libzip.so
7f0f83830000-7f0f83837000 r--p 00015000 fc:01 1471560                    /usr/lib/jvm/java-25-temurin-jdk/lib/libzip.so
7f0f83837000-7f0f83838000 r--p 0001c000 fc:01 1471560                    /usr/lib/jvm/java-25-temurin-jdk/lib/libzip.so
7f0f83838000-7f0f83839000 rw-p 0001d000 fc:01 1471560                    /usr/lib/jvm/java-25-temurin-jdk/lib/libzip.so
7f0f83839000-7f0f8383c000 r--p 00000000 fc:01 1471549                    /usr/lib/jvm/java-25-temurin-jdk/lib/libnet.so
7f0f8383c000-7f0f83844000 r-xp 00003000 fc:01 1471549                    /usr/lib/jvm/java-25-temurin-jdk/lib/libnet.so
7f0f83844000-7f0f83846000 r--p 0000b000 fc:01 1471549                    /usr/lib/jvm/java-25-temurin-jdk/lib/libnet.so
7f0f83846000-7f0f83847000 r--p 0000c000 fc:01 1471549                    /usr/lib/jvm/java-25-temurin-jdk/lib/libnet.so
7f0f83847000-7f0f83848000 rw-p 0000d000 fc:01 1471549                    /usr/lib/jvm/java-25-temurin-jdk/lib/libnet.so
7f0f83848000-7f0f8386d000 r--p 00000000 fc:01 1704416                    /usr/share/locale/fr/LC_MESSAGES/libc.mo
7f0f8386d000-7f0f83bdd000 rw-p 00000000 00:00 0 
7f0f83bdd000-7f0f83c7d000 ---p 00000000 00:00 0 
7f0f83c7d000-7f0f83c9d000 rw-p 00000000 00:00 0 
7f0f83c9d000-7f0f8b41d000 ---p 00000000 00:00 0 
7f0f8b41d000-7f0f8b4eb000 rw-p 00000000 00:00 0 
7f0f8b4eb000-7f0f8b4ff000 ---p 00000000 00:00 0 
7f0f8b4ff000-7f0f8b503000 rw-p 00000000 00:00 0 
7f0f8b503000-7f0f8c3f3000 ---p 00000000 00:00 0 
7f0f8c3f3000-7f0f8c3ff000 rw-p 00000000 00:00 0 
7f0f8c3ff000-7f0f8db7f000 rwxp 00000000 00:00 0 
7f0f8db7f000-7f0f9385f000 ---p 00000000 00:00 0 
7f0f9385f000-7f0f93c3f000 rwxp 00000000 00:00 0 
7f0f93c3f000-7f0f93fa0000 ---p 00000000 00:00 0 
7f0f93fa0000-7f0f948e0000 rwxp 00000000 00:00 0 
7f0f948e0000-7f0f9b400000 ---p 00000000 00:00 0 
7f0f9b400000-7f0fa3f33000 r--s 00000000 fc:01 1471564                    /usr/lib/jvm/java-25-temurin-jdk/lib/modules
7f0fa3f35000-7f0fa3f37000 r--p 00000000 fc:01 1471547                    /usr/lib/jvm/java-25-temurin-jdk/lib/libmanagement_ext.so
7f0fa3f37000-7f0fa3f3a000 r-xp 00002000 fc:01 1471547                    /usr/lib/jvm/java-25-temurin-jdk/lib/libmanagement_ext.so
7f0fa3f3a000-7f0fa3f3b000 r--p 00005000 fc:01 1471547                    /usr/lib/jvm/java-25-temurin-jdk/lib/libmanagement_ext.so
7f0fa3f3b000-7f0fa3f3c000 r--p 00006000 fc:01 1471547                    /usr/lib/jvm/java-25-temurin-jdk/lib/libmanagement_ext.so
7f0fa3f3c000-7f0fa3f3d000 rw-p 00007000 fc:01 1471547                    /usr/lib/jvm/java-25-temurin-jdk/lib/libmanagement_ext.so
7f0fa3f3d000-7f0fa3f3e000 r--p 00000000 fc:01 1471555                    /usr/lib/jvm/java-25-temurin-jdk/lib/libsimdsort.so
7f0fa3f3e000-7f0fa3f77000 r-xp 00001000 fc:01 1471555                    /usr/lib/jvm/java-25-temurin-jdk/lib/libsimdsort.so
7f0fa3f77000-7f0fa3f7d000 r--p 0003a000 fc:01 1471555                    /usr/lib/jvm/java-25-temurin-jdk/lib/libsimdsort.so
7f0fa3f7d000-7f0fa3f7e000 r--p 0003f000 fc:01 1471555                    /usr/lib/jvm/java-25-temurin-jdk/lib/libsimdsort.so
7f0fa3f7e000-7f0fa3f7f000 rw-p 00040000 fc:01 1471555                    /usr/lib/jvm/java-25-temurin-jdk/lib/libsimdsort.so
7f0fa3f7f000-7f0fa7ccb000 rw-p 00000000 00:00 0 
7f0fa7ccb000-7f0fa8000000 ---p 00000000 00:00 0 
7f0fa8000000-7f0fa8003000 r--p 00000000 fc:01 1471545                    /usr/lib/jvm/java-25-temurin-jdk/lib/libmanagement.so
7f0fa8003000-7f0fa8004000 r-xp 00003000 fc:01 1471545                    /usr/lib/jvm/java-25-temurin-jdk/lib/libmanagement.so
7f0fa8004000-7f0fa8005000 r--p 00004000 fc:01 1471545                    /usr/lib/jvm/java-25-temurin-jdk/lib/libmanagement.so
7f0fa8005000-7f0fa8006000 r--p 00004000 fc:01 1471545                    /usr/lib/jvm/java-25-temurin-jdk/lib/libmanagement.so
7f0fa8006000-7f0fa8007000 rw-p 00005000 fc:01 1471545                    /usr/lib/jvm/java-25-temurin-jdk/lib/libmanagement.so
7f0fa8007000-7f0fa800f000 r--p 00000000 fc:01 1471550                    /usr/lib/jvm/java-25-temurin-jdk/lib/libnio.so
7f0fa800f000-7f0fa8018000 r-xp 00008000 fc:01 1471550                    /usr/lib/jvm/java-25-temurin-jdk/lib/libnio.so
7f0fa8018000-7f0fa801c000 r--p 00011000 fc:01 1471550                    /usr/lib/jvm/java-25-temurin-jdk/lib/libnio.so
7f0fa801c000-7f0fa801d000 r--p 00015000 fc:01 1471550                    /usr/lib/jvm/java-25-temurin-jdk/lib/libnio.so
7f0fa801d000-7f0fa801e000 rw-p 00016000 fc:01 1471550                    /usr/lib/jvm/java-25-temurin-jdk/lib/libnio.so
7f0fa801e000-7f0fa8020000 r--p 00000000 fc:01 1471526                    /usr/lib/jvm/java-25-temurin-jdk/lib/libdt_socket.so
7f0fa8020000-7f0fa8023000 r-xp 00002000 fc:01 1471526                    /usr/lib/jvm/java-25-temurin-jdk/lib/libdt_socket.so
7f0fa8023000-7f0fa8024000 r--p 00005000 fc:01 1471526                    /usr/lib/jvm/java-25-temurin-jdk/lib/libdt_socket.so
7f0fa8024000-7f0fa8025000 r--p 00006000 fc:01 1471526                    /usr/lib/jvm/java-25-temurin-jdk/lib/libdt_socket.so
7f0fa8025000-7f0fa8026000 rw-p 00007000 fc:01 1471526                    /usr/lib/jvm/java-25-temurin-jdk/lib/libdt_socket.so
7f0fa8026000-7f0fa802d000 r--s 00000000 fc:01 1441814                    /usr/lib64/gconv/gconv-modules.cache
7f0fa802d000-7f0fa88d1000 rw-p 00000000 00:00 0 
7f0fa88d1000-7f0fa8bd4000 rw-p 00000000 00:00 0 
7f0fa8bd4000-7f0fa8d40000 rw-p 00000000 00:00 0 
7f0fa8d40000-7f0fa8d54000 ---p 00000000 00:00 0 
7f0fa8d54000-7f0fa8d58000 rw-p 00000000 00:00 0 
7f0fa8d58000-7f0fa9c48000 ---p 00000000 00:00 0 
7f0fa9c48000-7f0faa9b3000 rw-p 00000000 00:00 0 
7f0faa9b3000-7f0faaa89000 ---p 00000000 00:00 0 
7f0faaa89000-7f0faaab8000 rw-p 00000000 00:00 0 
7f0faaab8000-7f0faab72000 ---p 00000000 00:00 0 
7f0faab72000-7f0faab80000 r--p 00000000 fc:01 1471535                    /usr/lib/jvm/java-25-temurin-jdk/lib/libjava.so
7f0faab80000-7f0faab8e000 r-xp 0000e000 fc:01 1471535                    /usr/lib/jvm/java-25-temurin-jdk/lib/libjava.so
7f0faab8e000-7f0faab93000 r--p 0001c000 fc:01 1471535                    /usr/lib/jvm/java-25-temurin-jdk/lib/libjava.so
7f0faab93000-7f0faab94000 r--p 00021000 fc:01 1471535                    /usr/lib/jvm/java-25-temurin-jdk/lib/libjava.so
7f0faab94000-7f0faab95000 rw-p 00022000 fc:01 1471535                    /usr/lib/jvm/java-25-temurin-jdk/lib/libjava.so
7f0faab95000-7f0faab96000 rw-p 00000000 00:00 0 
7f0faab96000-7f0faab99000 r--p 00000000 fc:01 1471538                    /usr/lib/jvm/java-25-temurin-jdk/lib/libjdwp.so
7f0faab99000-7f0faabc9000 r-xp 00003000 fc:01 1471538                    /usr/lib/jvm/java-25-temurin-jdk/lib/libjdwp.so
7f0faabc9000-7f0faabd8000 r--p 00033000 fc:01 1471538                    /usr/lib/jvm/java-25-temurin-jdk/lib/libjdwp.so
7f0faabd8000-7f0faabd9000 r--p 00041000 fc:01 1471538                    /usr/lib/jvm/java-25-temurin-jdk/lib/libjdwp.so
7f0faabd9000-7f0faabda000 rw-p 00042000 fc:01 1471538                    /usr/lib/jvm/java-25-temurin-jdk/lib/libjdwp.so
7f0faabda000-7f0faabdb000 rw-p 00000000 00:00 0 
7f0faabdb000-7f0faabdf000 r--p 00000000 fc:01 1471539                    /usr/lib/jvm/java-25-temurin-jdk/lib/libjimage.so
7f0faabdf000-7f0faabf7000 r-xp 00004000 fc:01 1471539                    /usr/lib/jvm/java-25-temurin-jdk/lib/libjimage.so
7f0faabf7000-7f0faabfd000 r--p 0001c000 fc:01 1471539                    /usr/lib/jvm/java-25-temurin-jdk/lib/libjimage.so
7f0faabfd000-7f0faabff000 r--p 00021000 fc:01 1471539                    /usr/lib/jvm/java-25-temurin-jdk/lib/libjimage.so
7f0faabff000-7f0faac00000 rw-p 00023000 fc:01 1471539                    /usr/lib/jvm/java-25-temurin-jdk/lib/libjimage.so
7f0faac00000-7f0faaee3000 r--p 00000000 fc:01 1471578                    /usr/lib/jvm/java-25-temurin-jdk/lib/server/libjvm.so
7f0faaee3000-7f0fabf6f000 r-xp 002e3000 fc:01 1471578                    /usr/lib/jvm/java-25-temurin-jdk/lib/server/libjvm.so
7f0fabf6f000-7f0fac280000 r--p 0136f000 fc:01 1471578                    /usr/lib/jvm/java-25-temurin-jdk/lib/server/libjvm.so
7f0fac280000-7f0fac36b000 r--p 01680000 fc:01 1471578                    /usr/lib/jvm/java-25-temurin-jdk/lib/server/libjvm.so
7f0fac36b000-7f0fac396000 rw-p 0176b000 fc:01 1471578                    /usr/lib/jvm/java-25-temurin-jdk/lib/server/libjvm.so
7f0fac396000-7f0fac412000 rw-p 00000000 00:00 0 
7f0fac415000-7f0fac416000 rw-p 00000000 00:00 0 
7f0fac416000-7f0fac417000 rw-p 00000000 00:00 0 
7f0fac417000-7f0fac41b000 ---p 00000000 00:00 0 
7f0fac41b000-7f0fac517000 rw-p 00000000 00:00 0 
7f0fac517000-7f0fac599000 r-xp 00000000 fc:01 1474234                    /usr/lib64/libm.so.6
7f0fac599000-7f0fac60a000 r--p 00082000 fc:01 1474234                    /usr/lib64/libm.so.6
7f0fac60a000-7f0fac60b000 r--p 000f2000 fc:01 1474234                    /usr/lib64/libm.so.6
7f0fac60b000-7f0fac60c000 rw-p 000f3000 fc:01 1474234                    /usr/lib64/libm.so.6
7f0fac60c000-7f0fac60d000 r-xp 00000000 fc:01 1474243                    /usr/lib64/librt.so.1
7f0fac60d000-7f0fac60e000 r--p 00001000 fc:01 1474243                    /usr/lib64/librt.so.1
7f0fac60e000-7f0fac60f000 r--p 00001000 fc:01 1474243                    /usr/lib64/librt.so.1
7f0fac60f000-7f0fac612000 rw-p 00000000 00:00 0 
7f0fac612000-7f0fac613000 r-xp 00000000 fc:01 1474240                    /usr/lib64/libpthread.so.0
7f0fac613000-7f0fac614000 r--p 00001000 fc:01 1474240                    /usr/lib64/libpthread.so.0
7f0fac614000-7f0fac615000 r--p 00001000 fc:01 1474240                    /usr/lib64/libpthread.so.0
7f0fac615000-7f0fac616000 rw-p 00000000 00:00 0 
7f0fac616000-7f0fac617000 r-xp 00000000 fc:01 1474233                    /usr/lib64/libdl.so.2
7f0fac617000-7f0fac618000 r--p 00001000 fc:01 1474233                    /usr/lib64/libdl.so.2
7f0fac618000-7f0fac619000 r--p 00001000 fc:01 1474233                    /usr/lib64/libdl.so.2
7f0fac619000-7f0fac61a000 rw-p 00000000 00:00 0 
7f0fac61a000-7f0fac789000 r-xp 00000000 fc:01 1474232                    /usr/lib64/libc.so.6
7f0fac789000-7f0fac7ff000 r--p 0016f000 fc:01 1474232                    /usr/lib64/libc.so.6
7f0fac7ff000-7f0fac803000 r--p 001e4000 fc:01 1474232                    /usr/lib64/libc.so.6
7f0fac803000-7f0fac805000 rw-p 001e8000 fc:01 1474232                    /usr/lib64/libc.so.6
7f0fac805000-7f0fac815000 rw-p 00000000 00:00 0 
7f0fac815000-7f0fac81c000 ---p 00000000 00:00 0 
7f0fac81c000-7f0fac824000 rw-s 00000000 00:2b 3524                       /tmp/hsperfdata_flacreuse/67156
7f0fac824000-7f0fac825000 ---p 00000000 00:00 0 
7f0fac825000-7f0fac826000 r--p 00000000 00:00 0 
7f0fac826000-7f0fac827000 ---p 00000000 00:00 0 
7f0fac827000-7f0fac82a000 r--p 00000000 fc:01 1471540                    /usr/lib/jvm/java-25-temurin-jdk/lib/libjli.so
7f0fac82a000-7f0fac83b000 r-xp 00003000 fc:01 1471540                    /usr/lib/jvm/java-25-temurin-jdk/lib/libjli.so
7f0fac83b000-7f0fac842000 r--p 00014000 fc:01 1471540                    /usr/lib/jvm/java-25-temurin-jdk/lib/libjli.so
7f0fac842000-7f0fac843000 r--p 0001a000 fc:01 1471540                    /usr/lib/jvm/java-25-temurin-jdk/lib/libjli.so
7f0fac843000-7f0fac844000 rw-p 0001b000 fc:01 1471540                    /usr/lib/jvm/java-25-temurin-jdk/lib/libjli.so
7f0fac844000-7f0fac846000 rw-p 00000000 00:00 0 
7f0fac846000-7f0fac84a000 r--p 00000000 00:00 0                          [vvar]
7f0fac84a000-7f0fac84c000 r--p 00000000 00:00 0                          [vvar_vclock]
7f0fac84c000-7f0fac84e000 r-xp 00000000 00:00 0                          [vdso]
7f0fac84e000-7f0fac878000 r-xp 00000000 fc:01 1474225                    /usr/lib64/ld-linux-x86-64.so.2
7f0fac878000-7f0fac884000 r--p 0002a000 fc:01 1474225                    /usr/lib64/ld-linux-x86-64.so.2
7f0fac884000-7f0fac886000 r--p 00035000 fc:01 1474225                    /usr/lib64/ld-linux-x86-64.so.2
7f0fac886000-7f0fac887000 rw-p 00037000 fc:01 1474225                    /usr/lib64/ld-linux-x86-64.so.2
7f0fac887000-7f0fac888000 rw-p 00000000 00:00 0 
7ffd0cd90000-7ffd0cdb9000 rw-p 00000000 00:00 0                          [stack]
ffffffffff600000-ffffffffff601000 --xp 00000000 00:00 0                  [vsyscall]
Total number of mappings: 582

JVMTI agents:
jdwp path:none, loaded, initialized, options:transport=dt_socket,suspend=y,address=localhost:45555


VM Arguments:
jvm_args: -XX:+ShowCodeDetailsInExceptionMessages -agentlib:jdwp=transport=dt_socket,suspend=y,address=localhost:45555 -Dfile.encoding=UTF-8 -Dstdout.encoding=UTF-8 -Dstderr.encoding=UTF-8 
java_command: sekoya.app.SekoyaApplicationMain
java_class_path (initial): /home/flacreuse/git/sekoya/sekoya-app/target/classes:/home/flacreuse/git/sekoya/sekoya-front/target/classes:/home/flacreuse/git/sekoya/sekoya-back/target/classes:/home/flacreuse/.m2/repository/org/iglooproject/components/igloo-component-spring/7.1.0/igloo-component-spring-7.1.0.jar:/home/flacreuse/.m2/repository/org/iglooproject/components/igloo-context/7.1.0/igloo-context-7.1.0.jar:/home/flacreuse/.m2/repository/org/iglooproject/components/igloo-component-spring-bootstrap-config/7.1.0/igloo-component-spring-bootstrap-config-7.1.0.jar:/home/flacreuse/.m2/repository/org/slf4j/jcl-over-slf4j/2.0.17/jcl-over-slf4j-2.0.17.jar:/home/flacreuse/.m2/repository/org/apache/commons/commons-lang3/3.20.0/commons-lang3-3.20.0.jar:/home/flacreuse/.m2/repository/org/apache/commons/commons-text/1.15.0/commons-text-1.15.0.jar:/home/flacreuse/.m2/repository/org/freemarker/freemarker/2.3.34/freemarker-2.3.34.jar:/home/flacreuse/.m2/repository/org/apache/lucene/lucene-core/9.12.3/lucene-core-9.12.3.jar:/home/flacreuse/.m2/repository/org/apache/lucene/lucene-queryparser/9.12.3/lucene-queryparser-9.12.3.jar:/home/flacreuse/.m2/repository/org/apache/lucene/lucene-queries/9.12.3/lucene-queries-9.12.3.jar:/home/flacreuse/.m2/repository/org/apache/lucene/lucene-sandbox/9.12.3/lucene-sandbox-9.12.3.jar:/home/flacreuse/.m2/repository/org/apache/lucene/lucene-facet/9.12.3/lucene-facet-9.12.3.jar:/home/flacreuse/.m2/repository/org/apache/lucene/lucene-analysis-common/9.12.3/lucene-analysis-common-9.12.3.jar:/home/flacreuse/.m2/repository/org/iglooproject/components/igloo-component-jpa-more/7.1.0/igloo-component-jpa-more-7.1.0.jar:/home/flacreuse/.m2/repository/org/iglooproject/components/igloo-component-jpa-batch/7.1.0/igloo-component-jpa-batch-7.1.0.jar:/home/flacreuse/.m2/repository/org/iglooproject/components/igloo-batch-api/7.1.0/igloo-batch-api-7.1.0.jar:/home/flacreuse/.m2/repository/org/iglooproject/components/igloo-bean-api/7.1.0/igloo-bean-api-7.1.0.jar:/home/flacreuse/.m2/repository/org/iglooproject/components/igloo-component-commons-io/7.1.0/igloo-component-commons-io-7.1.0.jar:/home/flacreuse/.m2/repository/com/fasterxml/jackson/datatype/jackson-datatype-jsr310/2.21.2/jackson-datatype-jsr310-2.21.2.jar:/home/flacreuse/.m2/repository/org/hibernate/search/hibernate-search-mapper-orm/8.3.0.Final/hibernate-search-mapper-orm-8.3.0.Final.jar:/home/flacreuse/.m2/repository/org/hibernate/search/hibernate-search-engine/8.3.0.Final/hibernate-search-engine-8.3.0.Final.jar:/home/flacreuse/.m2/repository/org/hibernate/search/hibernate-search-mapper-pojo-base/8.3.0.Final/hibernate-search-mapper-pojo-base-8.3.0.Final.jar:/home/flacreuse/.m2/repository/org/hibernate/search/hibernate-search-util-common/8.3.0.Final/hibernate-search-util-common-8.3.0.Final.jar:/home/flacreuse/.m2/repository/jakarta/transaction/jakarta.transaction-api/2.0.1/jakarta.transaction-api-2.0.1.jar:/home/flacreuse/.m2/repository/org/hibernate/search/hibernate-search-backend-lucene/8.3.0.Final/hibernate-search-backend-lucene-8.3.0.Final.jar:/home/flacreuse/.m2/repository/org/apache/lucene/lucene-join/9.12.3/lucene-join-9.12.3.jar:/home/flacreuse/.m2/repository/com/carrotsearch/hppc/0.10.0/hppc-0.10.0.jar:/home/flacreuse/.m2/repository/org/apache/lucene/lucene-highlighter/9.12.3/lucene-highlighter-9.12.3.jar:/home/flacreuse/.m2/repository/org/apache/lucene/lucene-memory/9.12.3/lucene-memory-9.12.3.jar:/home/flacreuse/.m2/repository/org/apache/poi/poi/5.5.1/poi-5.5.1.jar:/home/flacreuse/.m2/repository/commons-codec/commons-codec/1.21.0/commons-codec-1.21.0.jar:/home/flacreuse/.m2/repository/org/apache/commons/commons-collections4/4.5.0/commons-collections4-4.5.0.jar:/home/flacreuse/.m2/repository/org/apache/commons/commons-math3/3.6.1/commons-math3-3.6.1.jar:/home/flacreuse/.m2/repository/com/zaxxer/SparseBitSet/1.3/SparseBitSet-1.3.jar:/home/flacreuse/.m2/repository/org/apache/poi/poi-ooxml/5.5.1/poi-ooxml-5.5.1.jar:/home/flacreuse/.m2/repository/org/apache/poi/poi-ooxml-lite/5.5.1/poi-ooxml-lite-5.5.1.jar:/home/flacreuse/.m2/repository/org/apache/xmlbeans/xmlbeans/5.3.0/xmlbeans-5.3.0.jar:/home/flacreuse/.m2/repository/org/apache/commons/commons-compress/1.28.0/commons-compress-1.28.0.jar:/home/flacreuse/.m2/repository/com/github/virtuald/curvesapi/1.08/curvesapi-1.08.jar:/home/flacreuse/.m2/repository/org/devlib/schmidt/imageinfo/1.9/imageinfo-1.9.jar:/home/flacreuse/.m2/repository/org/apache/commons/commons-exec/1.6.0/commons-exec-1.6.0.jar:/home/flacreuse/.m2/repository/org/iglooproject/components/igloo-difference/7.1.0/igloo-difference-7.1.0.jar:/home/flacreuse/.m2/repository/de/danielbechler/java-object-diff/0.95/java-object-diff-0.95.jar:/home/flacreuse/.m2/repository/org/iglooproject/components/igloo-component-jpa/7.1.0/igloo-component-jpa-7.1.0.jar:/home/flacreuse/.m2/repository/org/iglooproject/components/igloo-hibernate/7.1.0/igloo-hibernate-7.1.0.jar:/home/flacreuse/.m2/repository/org/iglooproject/components/igloo-security-api/7.1.0/igloo-security-api-7.1.0.jar:/home/flacreuse/.m2/repository/org/iglooproject/components/igloo-collections/7.1.0/igloo-collections-7.1.0.jar:/home/flacreuse/.m2/repository/org/iglooproject/components/igloo-component-hibernate-configurator-api/7.1.0/igloo-component-hibernate-configurator-api-7.1.0.jar:/home/flacreuse/.m2/repository/jakarta/persistence/jakarta.persistence-api/3.2.0/jakarta.persistence-api-3.2.0.jar:/home/flacreuse/.m2/repository/org/hibernate/orm/hibernate-core/7.3.0.Final/hibernate-core-7.3.0.Final.jar:/home/flacreuse/.m2/repository/org/iglooproject/components/igloo-component-lucene-analyzers/7.1.0/igloo-component-lucene-analyzers-7.1.0.jar:/home/flacreuse/.m2/repository/com/fasterxml/jackson/core/jackson-annotations/2.21/jackson-annotations-2.21.jar:/home/flacreuse/.m2/repository/org/springframework/spring-orm/7.0.7/spring-orm-7.0.7.jar:/home/flacreuse/.m2/repository/org/iglooproject/components/igloo-component-jpa-security/7.1.0/igloo-component-jpa-security-7.1.0.jar:/home/flacreuse/.m2/repository/org/iglooproject/components/igloo-spring-security/7.1.0/igloo-spring-security-7.1.0.jar:/home/flacreuse/.m2/repository/org/passay/passay/2.0.0/passay-2.0.0.jar:/home/flacreuse/.m2/repository/org/iglooproject/components/igloo-component-mail-api/7.1.0/igloo-component-mail-api-7.1.0.jar:/home/flacreuse/.m2/repository/org/springframework/security/spring-security-core/7.0.5/spring-security-core-7.0.5.jar:/home/flacreuse/.m2/repository/org/springframework/security/spring-security-crypto/7.0.5/spring-security-crypto-7.0.5.jar:/home/flacreuse/.m2/repository/org/springframework/security/spring-security-acl/7.0.5/spring-security-acl-7.0.5.jar:/home/flacreuse/.m2/repository/org/springframework/security/spring-security-config/7.0.5/spring-security-config-7.0.5.jar:/home/flacreuse/.m2/repository/org/springframework/boot/spring-boot-autoconfigure/4.0.5/spring-boot-autoconfigure-4.0.5.jar:/home/flacreuse/.m2/repository/org/springframework/spring-jdbc/7.0.7/spring-jdbc-7.0.7.jar:/home/flacreuse/.m2/repository/org/springframework/spring-core/7.0.7/spring-core-7.0.7.jar:/home/flacreuse/.m2/repository/org/jspecify/jspecify/1.0.0/jspecify-1.0.0.jar:/home/flacreuse/.m2/repository/org/springframework/spring-beans/7.0.7/spring-beans-7.0.7.jar:/home/flacreuse/.m2/repository/org/springframework/spring-context/7.0.7/spring-context-7.0.7.jar:/home/flacreuse/.m2/repository/org/springframework/spring-context-support/7.0.7/spring-context-support-7.0.7.jar:/home/flacreuse/.m2/repository/org/springframework/spring-tx/7.0.7/spring-tx-7.0.7.jar:/home/flacreuse/.m2/repository/org/springframework/spring-expression/7.0.7/spring-expression-7.0.7.jar:/home/flacreuse/.m2/repository/org/hibernate/orm/hibernate-jcache/7.3.0.Final/hibernate-jcache-7.3.0.Final.jar:/home/flacreuse/.m2/repository/javax/cache/cache-api/1.1.1/cache-api-1.1.1.jar:/home/flacreuse/.m2/repository/org/jboss/logging/jboss-logging/3.6.3.Final/jboss-logging-3.6.3.Final.jar:/home/flacreuse/.m2/repository/com/github/ben-manes/caffeine/caffeine/3.2.3/caffeine-3.2.3.jar:/home/flacreuse/.m2/repository/com/google/errorprone/error_prone_annotations/2.49.0/error_prone_annotations-2.49.0.jar:/home/flacreuse/.m2/repository/com/github/ben-manes/caffeine/jcache/3.2.3/jcache-3.2.3.jar:/home/flacreuse/.m2/repository/org/osgi/org.osgi.service.component.annotations/1.5.1/org.osgi.service.component.annotations-1.5.1.jar:/home/flacreuse/.m2/repository/org/osgi/osgi.annotation/8.1.0/osgi.annotation-8.1.0.jar:/home/flacreuse/.m2/repository/org/osgi/org.osgi.namespace.extender/1.0.1/org.osgi.namespace.extender-1.0.1.jar:/home/flacreuse/.m2/repository/org/osgi/org.osgi.util.function/1.0.0/org.osgi.util.function-1.0.0.jar:/home/flacreuse/.m2/repository/org/osgi/org.osgi.util.promise/1.0.0/org.osgi.util.promise-1.0.0.jar:/home/flacreuse/.m2/repository/jakarta/inject/jakarta.inject-api/2.0.1/jakarta.inject-api-2.0.1.jar:/home/flacreuse/.m2/repository/com/typesafe/config/1.4.5/config-1.4.5.jar:/home/flacreuse/.m2/repository/org/apache/logging/log4j/log4j-layout-template-json/2.25.4/log4j-layout-template-json-2.25.4.jar:/home/flacreuse/.m2/repository/org/iglooproject/components/igloo-component-hibernate-configurator-lucene/7.1.0/igloo-component-hibernate-configurator-lucene-7.1.0.jar:/home/flacreuse/.m2/repository/org/iglooproject/components/bindgen-functional/7.1.0/bindgen-functional-7.1.0.jar:/home/flacreuse/.m2/repository/org/iglooproject/components/bindgen-bindings-java/3.0.0/bindgen-bindings-java-3.0.0.jar:/home/flacreuse/.m2/repository/io/github/openfeign/querydsl/querydsl-apt/7.1/querydsl-apt-7.1-jakarta.jar:/home/flacreuse/.m2/repository/io/github/openfeign/querydsl/querydsl-codegen/7.1/querydsl-codegen-7.1.jar:/home/flacreuse/.m2/repository/io/github/openfeign/querydsl/querydsl-codegen-utils/7.1/querydsl-codegen-utils-7.1.jar:/home/flacreuse/.m2/repository/org/eclipse/jdt/ecj/3.43.0/ecj-3.43.0.jar:/home/flacreuse/.m2/repository/io/github/classgraph/classgraph/4.8.184/classgraph-4.8.184.jar:/home/flacreuse/.m2/repository/io/github/openfeign/querydsl/querydsl-jpa/7.1/querydsl-jpa-7.1.jar:/home/flacreuse/.m2/repository/io/github/openfeign/querydsl/querydsl-core/7.1/querydsl-core-7.1.jar:/home/flacreuse/.m2/repository/io/projectreactor/reactor-core/3.7.12/reactor-core-3.7.12.jar:/home/flacreuse/.m2/repository/org/reactivestreams/reactive-streams/1.0.4/reactive-streams-1.0.4.jar:/home/flacreuse/.m2/repository/org/hibernate/orm/hibernate-processor/7.3.0.Final/hibernate-processor-7.3.0.Final.jar:/home/flacreuse/.m2/repository/org/hibernate/models/hibernate-models/1.1.0/hibernate-models-1.1.0.jar:/home/flacreuse/.m2/repository/io/smallrye/jandex/3.3.2/jandex-3.3.2.jar:/home/flacreuse/.m2/repository/jakarta/validation/jakarta.validation-api/3.1.1/jakarta.validation-api-3.1.1.jar:/home/flacreuse/.m2/repository/org/antlr/antlr4-runtime/4.13.2/antlr4-runtime-4.13.2.jar:/home/flacreuse/.m2/repository/net/bytebuddy/byte-buddy/1.18.8/byte-buddy-1.18.8.jar:/home/flacreuse/.m2/repository/org/postgresql/postgresql/42.7.10/postgresql-42.7.10.jar:/home/flacreuse/.m2/repository/org/checkerframework/checker-qual/3.52.0/checker-qual-3.52.0.jar:/home/flacreuse/.m2/repository/org/iglooproject/components/igloo-component-wicket-more/7.1.0/igloo-component-wicket-more-7.1.0.jar:/home/flacreuse/.m2/repository/org/slf4j/slf4j-api/2.0.17/slf4j-api-2.0.17.jar:/home/flacreuse/.m2/repository/org/iglooproject/components/igloo-juice/7.1.0/igloo-juice-7.1.0.jar:/home/flacreuse/.m2/repository/io/github/resilience4j/resilience4j-all/2.4.0/resilience4j-all-2.4.0.jar:/home/flacreuse/.m2/repository/io/github/resilience4j/resilience4j-ratelimiter/2.4.0/resilience4j-ratelimiter-2.4.0.jar:/home/flacreuse/.m2/repository/io/github/resilience4j/resilience4j-core/2.4.0/resilience4j-core-2.4.0.jar:/home/flacreuse/.m2/repository/io/github/resilience4j/resilience4j-circuitbreaker/2.4.0/resilience4j-circuitbreaker-2.4.0.jar:/home/flacreuse/.m2/repository/io/github/resilience4j/resilience4j-bulkhead/2.4.0/resilience4j-bulkhead-2.4.0.jar:/home/flacreuse/.m2/repository/io/github/resilience4j/resilience4j-retry/2.4.0/resilience4j-retry-2.4.0.jar:/home/flacreuse/.m2/repository/io/github/resilience4j/resilience4j-cache/2.4.0/resilience4j-cache-2.4.0.jar:/home/flacreuse/.m2/repository/io/github/resilience4j/resilience4j-timelimiter/2.4.0/resilience4j-timelimiter-2.4.0.jar:/home/flacreuse/.m2/repository/org/iglooproject/components/igloo-component-wicket-jquery/7.1.0/igloo-component-wicket-jquery-7.1.0.jar:/home/flacreuse/.m2/repository/org/iglooproject/components/igloo-component-wicket/7.1.0/igloo-component-wicket-7.1.0.jar:/home/flacreuse/.m2/repository/org/iglooproject/components/igloo-component-wicket-select2/7.1.0/igloo-component-wicket-select2-7.1.0.jar:/home/flacreuse/.m2/repository/org/iglooproject/components/igloo-component-wicket-fontawesome/7.1.0/igloo-component-wicket-fontawesome-7.1.0.jar:/home/flacreuse/.m2/repository/org/iglooproject/components/igloo-component-wicket-jqueryui/7.1.0/igloo-component-wicket-jqueryui-7.1.0.jar:/home/flacreuse/.m2/repository/org/iglooproject/components/igloo-component-export/7.1.0/igloo-component-export-7.1.0.jar:/home/flacreuse/.m2/repository/org/iglooproject/components/igloo-component-bootstrap/7.1.0/igloo-component-bootstrap-7.1.0.jar:/home/flacreuse/.m2/repository/org/iglooproject/components/igloo-lang/7.1.0/igloo-lang-7.1.0.jar:/home/flacreuse/.m2/repository/org/apache/wicket/wicket-ioc/10.8.0/wicket-ioc-10.8.0.jar:/home/flacreuse/.m2/repository/org/ow2/asm/asm/9.9/asm-9.9.jar:/home/flacreuse/.m2/repository/org/apache/wicket/wicket-spring/10.8.0/wicket-spring-10.8.0.jar:/home/flacreuse/.m2/repository/org/apache/wicket/wicket-extensions/10.8.0/wicket-extensions-10.8.0.jar:/home/flacreuse/.m2/repository/org/apache/wicket/wicket-auth-roles/10.8.0/wicket-auth-roles-10.8.0.jar:/home/flacreuse/.m2/repository/org/springframework/security/spring-security-web/7.0.5/spring-security-web-7.0.5.jar:/home/flacreuse/.m2/repository/org/wicketstuff/wiquery/wiquery-core/10.1.0/wiquery-core-10.1.0.jar:/home/flacreuse/.m2/repository/com/fasterxml/jackson/core/jackson-databind/2.21.2/jackson-databind-2.21.2.jar:/home/flacreuse/.m2/repository/com/fasterxml/jackson/core/jackson-core/2.21.2/jackson-core-2.21.2.jar:/home/flacreuse/.m2/repository/org/wicketstuff/wiquery/wiquery-jquery-ui/10.1.0/wiquery-jquery-ui-10.1.0.jar:/home/flacreuse/.m2/repository/org/mozilla/rhino-tools/1.9.1/rhino-tools-1.9.1.jar:/home/flacreuse/.m2/repository/org/apache/commons/commons-fileupload2-jakarta-servlet5/2.0.0-M5/commons-fileupload2-jakarta-servlet5-2.0.0-M5.jar:/home/flacreuse/.m2/repository/org/apache/commons/commons-fileupload2-core/2.0.0-M5/commons-fileupload2-core-2.0.0-M5.jar:/home/flacreuse/.m2/repository/commons-io/commons-io/2.21.0/commons-io-2.21.0.jar:/home/flacreuse/.m2/repository/org/wicketstuff/wicketstuff-select2/10.8.0/wicketstuff-select2-10.8.0.jar:/home/flacreuse/.m2/repository/com/helger/ph-css/8.1.1/ph-css-8.1.1.jar:/home/flacreuse/.m2/repository/com/helger/commons/ph-typeconvert/12.1.0/ph-typeconvert-12.1.0.jar:/home/flacreuse/.m2/repository/com/helger/commons/ph-collection/12.1.0/ph-collection-12.1.0.jar:/home/flacreuse/.m2/repository/com/helger/commons/ph-base/12.1.0/ph-base-12.1.0.jar:/home/flacreuse/.m2/repository/com/helger/commons/ph-cache/12.1.0/ph-cache-12.1.0.jar:/home/flacreuse/.m2/repository/com/helger/commons/ph-annotations/12.1.0/ph-annotations-12.1.0.jar:/home/flacreuse/.m2/repository/com/helger/commons/ph-statistics/12.1.0/ph-statistics-12.1.0.jar:/home/flacreuse/.m2/repository/com/helger/commons/ph-io/12.1.0/ph-io-12.1.0.jar:/home/flacreuse/.m2/repository/com/helger/commons/ph-mime/12.1.0/ph-mime-12.1.0.jar:/home/flacreuse/.m2/repository/com/helger/commons/ph-text/12.1.0/ph-text-12.1.0.jar:/home/flacreuse/.m2/repository/org/webjars/npm/clipboard/2.0.11/clipboard-2.0.11.jar:/home/flacreuse/.m2/repository/org/webjars/npm/good-listener/1.2.2/good-listener-1.2.2.jar:/home/flacreuse/.m2/repository/org/webjars/npm/delegate/3.2.0/delegate-3.2.0.jar:/home/flacreuse/.m2/repository/org/webjars/npm/select/1.1.2/select-1.1.2.jar:/home/flacreuse/.m2/repository/org/webjars/npm/tiny-emitter/2.1.0/tiny-emitter-2.1.0.jar:/home/flacreuse/.m2/repository/org/webjars/npm/jquery-mask-plugin/1.14.16/jquery-mask-plugin-1.14.16.jar:/home/flacreuse/.m2/repository/org/iglooproject/components/igloo-component-sass/7.1.0/igloo-component-sass-7.1.0.jar:/home/flacreuse/.m2/repository/org/iglooproject/components/igloo-component-autoprefixer/7.1.0/igloo-component-autoprefixer-7.1.0.jar:/home/flacreuse/.m2/repository/de/larsgrefer/sass/sass-embedded-host/4.4.0/sass-embedded-host-4.4.0.jar:/home/flacreuse/.m2/repository/de/larsgrefer/sass/sass-embedded-protocol/4.4.0/sass-embedded-protocol-4.4.0.jar:/home/flacreuse/.m2/repository/com/google/protobuf/protobuf-java/4.33.0/protobuf-java-4.33.0.jar:/home/flacreuse/.m2/repository/de/larsgrefer/sass/sass-embedded-bundled/4.4.0/sass-embedded-bundled-4.4.0.jar:/home/flacreuse/.m2/repository/org/webjars/webjars-locator-core/0.59/webjars-locator-core-0.59.jar:/home/flacreuse/.m2/repository/org/webjars/npm/bootstrap/5.3.8/bootstrap-5.3.8.jar:/home/flacreuse/.m2/repository/org/jsoup/jsoup/1.22.1/jsoup-1.22.1.jar:/home/flacreuse/.m2/repository/org/mozilla/rhino/1.9.1/rhino-1.9.1.jar:/home/flacreuse/.m2/repository/org/iglooproject/components/igloo-component-wicket-console/7.1.0/igloo-component-wicket-console-7.1.0.jar:/home/flacreuse/.m2/repository/org/apache/wicket/wicket-core/10.8.0/wicket-core-10.8.0.jar:/home/flacreuse/.m2/repository/com/github/openjson/openjson/1.0.13/openjson-1.0.13.jar:/home/flacreuse/.m2/repository/org/apache/wicket/wicket-request/10.8.0/wicket-request-10.8.0.jar:/home/flacreuse/.m2/repository/org/apache/wicket/wicket-util/10.8.0/wicket-util-10.8.0.jar:/home/flacreuse/.m2/repository/org/iglooproject/components/igloo-component-wicket-bootstrap5/7.1.0/igloo-component-wicket-bootstrap5-7.1.0.jar:/home/flacreuse/.m2/repository/org/iglooproject/components/igloo-jpa-model/7.1.0/igloo-jpa-model-7.1.0.jar:/home/flacreuse/.m2/repository/org/iglooproject/components/igloo-component-functional/7.1.0/igloo-component-functional-7.1.0.jar:/home/flacreuse/.m2/repository/com/google/guava/guava/33.5.0-jre/guava-33.5.0-jre.jar:/home/flacreuse/.m2/repository/com/google/guava/failureaccess/1.0.3/failureaccess-1.0.3.jar:/home/flacreuse/.m2/repository/com/google/guava/listenablefuture/9999.0-empty-to-avoid-conflict-with-guava/listenablefuture-9999.0-empty-to-avoid-conflict-with-guava.jar:/home/flacreuse/.m2/repository/org/javatuples/javatuples/1.2/javatuples-1.2.jar:/home/flacreuse/.m2/repository/org/iglooproject/webjars/bootstrap5-override/7.1.0/bootstrap5-override-7.1.0.jar:/home/flacreuse/.m2/repository/org/iglooproject/components/igloo-validator/7.1.0/igloo-validator-7.1.0.jar:/home/flacreuse/.m2/repository/commons-validator/commons-validator/1.10.1/commons-validator-1.10.1.jar:/home/flacreuse/.m2/repository/commons-beanutils/commons-beanutils/1.11.0/commons-beanutils-1.11.0.jar:/home/flacreuse/.m2/repository/commons-digester/commons-digester/2.1/commons-digester-2.1.jar:/home/flacreuse/.m2/repository/commons-collections/commons-collections/3.2.2/commons-collections-3.2.2.jar:/home/flacreuse/.m2/repository/org/danekja/jdk-serializable-functional/1.9.0/jdk-serializable-functional-1.9.0.jar:/home/flacreuse/.m2/repository/org/iglooproject/components/igloo-cache/7.1.0/igloo-cache-7.1.0.jar:/home/flacreuse/.m2/repository/org/iglooproject/webjars/igloojs/7.1.0/igloojs-7.1.0.jar:/home/flacreuse/.m2/repository/de/agilecoders/wicket/webjars/wicket-webjars/4.0.14/wicket-webjars-4.0.14.jar:/home/flacreuse/.m2/repository/org/iglooproject/webjars/bootstrap4-override/7.1.0/bootstrap4-override-7.1.0.jar:/home/flacreuse/.m2/repository/org/iglooproject/webjars/bootstrap4/4.6.0/bootstrap4-4.6.0.jar:/home/flacreuse/.m2/repository/org/webjars/npm/popper.js/1.16.1-lts/popper.js-1.16.1-lts.jar:/home/flacreuse/.m2/repository/org/iglooproject/webjars/bootstrap-email/7.1.0/bootstrap-email-7.1.0.jar:/home/flacreuse/.m2/repository/org/iglooproject/components/igloo-spring-actuator/7.1.0/igloo-spring-actuator-7.1.0.jar:/home/flacreuse/.m2/repository/org/springframework/boot/spring-boot-starter-actuator/4.0.5/spring-boot-starter-actuator-4.0.5.jar:/home/flacreuse/.m2/repository/org/springframework/boot/spring-boot-starter-micrometer-metrics/4.0.5/spring-boot-starter-micrometer-metrics-4.0.5.jar:/home/flacreuse/.m2/repository/org/springframework/boot/spring-boot-micrometer-metrics/4.0.5/spring-boot-micrometer-metrics-4.0.5.jar:/home/flacreuse/.m2/repository/org/springframework/boot/spring-boot-micrometer-observation/4.0.5/spring-boot-micrometer-observation-4.0.5.jar:/home/flacreuse/.m2/repository/org/springframework/boot/spring-boot-actuator-autoconfigure/4.0.5/spring-boot-actuator-autoconfigure-4.0.5.jar:/home/flacreuse/.m2/repository/org/springframework/boot/spring-boot-actuator/4.0.5/spring-boot-actuator-4.0.5.jar:/home/flacreuse/.m2/repository/org/springframework/boot/spring-boot-health/4.0.5/spring-boot-health-4.0.5.jar:/home/flacreuse/.m2/repository/io/micrometer/micrometer-jakarta9/1.16.4/micrometer-jakarta9-1.16.4.jar:/home/flacreuse/.m2/repository/org/springframework/boot/spring-boot-autoconfigure-processor/4.0.5/spring-boot-autoconfigure-processor-4.0.5.jar:/home/flacreuse/.m2/repository/io/micrometer/micrometer-registry-prometheus/1.16.5/micrometer-registry-prometheus-1.16.5.jar:/home/flacreuse/.m2/repository/io/micrometer/micrometer-core/1.16.5/micrometer-core-1.16.5.jar:/home/flacreuse/.m2/repository/org/hdrhistogram/HdrHistogram/2.2.2/HdrHistogram-2.2.2.jar:/home/flacreuse/.m2/repository/org/latencyutils/LatencyUtils/2.0.3/LatencyUtils-2.0.3.jar:/home/flacreuse/.m2/repository/io/prometheus/prometheus-metrics-core/1.4.3/prometheus-metrics-core-1.4.3.jar:/home/flacreuse/.m2/repository/io/prometheus/prometheus-metrics-model/1.4.3/prometheus-metrics-model-1.4.3.jar:/home/flacreuse/.m2/repository/io/prometheus/prometheus-metrics-config/1.4.3/prometheus-metrics-config-1.4.3.jar:/home/flacreuse/.m2/repository/io/prometheus/prometheus-metrics-tracer-common/1.4.3/prometheus-metrics-tracer-common-1.4.3.jar:/home/flacreuse/.m2/repository/io/prometheus/prometheus-metrics-exposition-formats/1.4.3/prometheus-metrics-exposition-formats-1.4.3.jar:/home/flacreuse/.m2/repository/io/prometheus/prometheus-metrics-exposition-textformats/1.4.3/prometheus-metrics-exposition-textformats-1.4.3.jar:/home/flacreuse/.m2/repository/io/github/resilience4j/resilience4j-spring-boot4/2.4.0/resilience4j-spring-boot4-2.4.0.jar:/home/flacreuse/.m2/repository/io/github/resilience4j/resilience4j-spring6/2.4.0/resilience4j-spring6-2.4.0.jar:/home/flacreuse/.m2/repository/io/github/resilience4j/resilience4j-annotations/2.4.0/resilience4j-annotations-2.4.0.jar:/home/flacreuse/.m2/repository/io/github/resilience4j/resilience4j-consumer/2.4.0/resilience4j-consumer-2.4.0.jar:/home/flacreuse/.m2/repository/io/github/resilience4j/resilience4j-circularbuffer/2.4.0/resilience4j-circularbuffer-2.4.0.jar:/home/flacreuse/.m2/repository/io/github/resilience4j/resilience4j-framework-common/2.4.0/resilience4j-framework-common-2.4.0.jar:/home/flacreuse/.m2/repository/io/github/resilience4j/resilience4j-micrometer/2.4.0/resilience4j-micrometer-2.4.0.jar:/home/flacreuse/.m2/repository/org/aspectj/aspectjweaver/1.9.25.1/aspectjweaver-1.9.25.1.jar:/home/flacreuse/.m2/repository/org/iglooproject/components/igloo-login-mdc/7.1.0/igloo-login-mdc-7.1.0.jar:/home/flacreuse/.m2/repository/org/iglooproject/components/igloo-vue-datepicker/7.1.0/igloo-vue-datepicker-7.1.0.jar:/home/flacreuse/.m2/repository/org/webjars/npm/vue/3.5.32/vue-3.5.32.jar:/home/flacreuse/.m2/repository/org/webjars/npm/vue__shared/3.5.32/vue__shared-3.5.32.jar:/home/flacreuse/.m2/repository/org/webjars/npm/vue__compiler-sfc/3.5.32/vue__compiler-sfc-3.5.32.jar:/home/flacreuse/.m2/repository/org/webjars/npm/magic-string/0.30.21/magic-string-0.30.21.jar:/home/flacreuse/.m2/repository/org/webjars/npm/jridgewell__sourcemap-codec/1.5.5/jridgewell__sourcemap-codec-1.5.5.jar:/home/flacreuse/.m2/repository/org/webjars/npm/estree-walker/2.0.2/estree-walker-2.0.2.jar:/home/flacreuse/.m2/repository/org/webjars/npm/vue__compiler-ssr/3.5.32/vue__compiler-ssr-3.5.32.jar:/home/flacreuse/.m2/repository/org/webjars/npm/vue__compiler-core/3.5.32/vue__compiler-core-3.5.32.jar:/home/flacreuse/.m2/repository/org/webjars/npm/entities/7.0.1/entities-7.0.1.jar:/home/flacreuse/.m2/repository/org/webjars/npm/babel__parser/8.0.0-alpha.13/babel__parser-8.0.0-alpha.13.jar:/home/flacreuse/.m2/repository/org/webjars/npm/babel__types/8.0.0-rc.5/babel__types-8.0.0-rc.5.jar:/home/flacreuse/.m2/repository/org/webjars/npm/babel__helper-string-parser/8.0.0-rc.5/babel__helper-string-parser-8.0.0-rc.5.jar:/home/flacreuse/.m2/repository/org/webjars/npm/babel__helper-validator-identifier/8.0.0-rc.5/babel__helper-validator-identifier-8.0.0-rc.5.jar:/home/flacreuse/.m2/repository/org/webjars/npm/source-map-js/1.2.1/source-map-js-1.2.1.jar:/home/flacreuse/.m2/repository/org/webjars/npm/postcss/8.5.15/postcss-8.5.15.jar:/home/flacreuse/.m2/repository/org/webjars/npm/nanoid/3.3.12/nanoid-3.3.12.jar:/home/flacreuse/.m2/repository/org/webjars/npm/picocolors/1.1.1/picocolors-1.1.1.jar:/home/flacreuse/.m2/repository/org/webjars/npm/vue__compiler-dom/3.5.32/vue__compiler-dom-3.5.32.jar:/home/flacreuse/.m2/repository/org/webjars/npm/vue__runtime-dom/3.5.32/vue__runtime-dom-3.5.32.jar:/home/flacreuse/.m2/repository/org/webjars/npm/csstype/3.2.3/csstype-3.2.3.jar:/home/flacreuse/.m2/repository/org/webjars/npm/vue__reactivity/3.5.32/vue__reactivity-3.5.32.jar:/home/flacreuse/.m2/repository/org/webjars/npm/vue__runtime-core/3.5.32/vue__runtime-core-3.5.32.jar:/home/flacreuse/.m2/repository/org/webjars/npm/vue__server-renderer/3.5.32/vue__server-renderer-3.5.32.jar:/home/flacreuse/.m2/repository/org/bindgen/bindgen/6.0.0/bindgen-6.0.0.jar:/home/flacreuse/.m2/repository/joist/joist-util/1.13.3/joist-util-1.13.3.jar:/home/flacreuse/.m2/repository/org/iglooproject/components/igloo-component-config-test/7.1.0/igloo-component-config-test-7.1.0.jar:/home/flacreuse/.m2/repository/org/iglooproject/components/jul-helper/1.1.0/jul-helper-1.1.0.jar:/home/flacreuse/.m2/repository/org/iglooproject/components/jul-helper-api/1.1.0/jul-helper-api-1.1.0.jar:/home/flacreuse/.m2/repository/org/iglooproject/components/log4j2-jmx-helper/1.1.0/log4j2-jmx-helper-1.1.0.jar:/home/flacreuse/.m2/repository/org/slf4j/jul-to-slf4j/2.0.17/jul-to-slf4j-2.0.17.jar:/home/flacreuse/.m2/repository/org/commonmark/commonmark/0.27.1/commonmark-0.27.1.jar:/home/flacreuse/.m2/repository/org/apache/wicket/wicket-devutils/10.8.0/wicket-devutils-10.8.0.jar:/home/flacreuse/.m2/repository/com/google/code/findbugs/jsr305/3.0.2/jsr305-3.0.2.jar:/home/flacreuse/.m2/repository/org/springframework/boot/spring-boot-webmvc/4.0.5/spring-boot-webmvc-4.0.5.jar:/home/flacreuse/.m2/repository/org/springframework/boot/spring-boot-servlet/4.0.5/spring-boot-servlet-4.0.5.jar:/home/flacreuse/.m2/repository/org/springframework/spring-web/7.0.7/spring-web-7.0.7.jar:/home/flacreuse/.m2/repository/io/micrometer/micrometer-observation/1.16.5/micrometer-observation-1.16.5.jar:/home/flacreuse/.m2/repository/io/micrometer/micrometer-commons/1.16.5/micrometer-commons-1.16.5.jar:/home/flacreuse/.m2/repository/org/springframework/spring-webmvc/7.0.7/spring-webmvc-7.0.7.jar:/home/flacreuse/.m2/repository/org/springframework/boot/spring-boot-http-converter/4.0.5/spring-boot-http-converter-4.0.5.jar:/home/flacreuse/.m2/repository/org/springframework/boot/spring-boot-starter-cache/4.0.5/spring-boot-starter-cache-4.0.5.jar:/home/flacreuse/.m2/repository/org/springframework/boot/spring-boot-starter/4.0.5/spring-boot-starter-4.0.5.jar:/home/flacreuse/.m2/repository/jakarta/annotation/jakarta.annotation-api/3.0.0/jakarta.annotation-api-3.0.0.jar:/home/flacreuse/.m2/repository/org/yaml/snakeyaml/2.6/snakeyaml-2.6.jar:/home/flacreuse/.m2/repository/org/springframework/boot/spring-boot-cache/4.0.5/spring-boot-cache-4.0.5.jar:/home/flacreuse/.m2/repository/org/springframework/boot/spring-boot-starter-log4j2/4.0.5/spring-boot-starter-log4j2-4.0.5.jar:/home/flacreuse/.m2/repository/org/apache/logging/log4j/log4j-slf4j2-impl/2.25.4/log4j-slf4j2-impl-2.25.4.jar:/home/flacreuse/.m2/repository/org/apache/logging/log4j/log4j-api/2.25.4/log4j-api-2.25.4.jar:/home/flacreuse/.m2/repository/org/apache/logging/log4j/log4j-core/2.25.4/log4j-core-2.25.4.jar:/home/flacreuse/.m2/repository/org/apache/logging/log4j/log4j-jul/2.25.3/log4j-jul-2.25.3.jar:/home/flacreuse/.m2/repository/org/springframework/boot/spring-boot-starter-data-jpa/4.0.5/spring-boot-starter-data-jpa-4.0.5.jar:/home/flacreuse/.m2/repository/org/springframework/boot/spring-boot-starter-jdbc/4.0.5/spring-boot-starter-jdbc-4.0.5.jar:/home/flacreuse/.m2/repository/com/zaxxer/HikariCP/7.0.2/HikariCP-7.0.2.jar:/home/flacreuse/.m2/repository/org/springframework/boot/spring-boot-data-jpa/4.0.5/spring-boot-data-jpa-4.0.5.jar:/home/flacreuse/.m2/repository/org/springframework/boot/spring-boot-data-commons/4.0.5/spring-boot-data-commons-4.0.5.jar:/home/flacreuse/.m2/repository/org/springframework/boot/spring-boot-persistence/4.0.5/spring-boot-persistence-4.0.5.jar:/home/flacreuse/.m2/repository/org/springframework/data/spring-data-commons/4.0.4/spring-data-commons-4.0.4.jar:/home/flacreuse/.m2/repository/org/springframework/boot/spring-boot-hibernate/4.0.5/spring-boot-hibernate-4.0.5.jar:/home/flacreuse/.m2/repository/org/springframework/boot/spring-boot-jpa/4.0.5/spring-boot-jpa-4.0.5.jar:/home/flacreuse/.m2/repository/org/springframework/data/spring-data-jpa/4.0.4/spring-data-jpa-4.0.4.jar:/home/flacreuse/.m2/repository/org/springframework/spring-aspects/7.0.7/spring-aspects-7.0.7.jar:/home/flacreuse/.m2/repository/org/springframework/boot/spring-boot-jdbc/4.0.5/spring-boot-jdbc-4.0.5.jar:/home/flacreuse/.m2/repository/org/springframework/boot/spring-boot-sql/4.0.5/spring-boot-sql-4.0.5.jar:/home/flacreuse/.m2/repository/org/springframework/boot/spring-boot-transaction/4.0.5/spring-boot-transaction-4.0.5.jar:/home/flacreuse/.m2/repository/org/springframework/boot/spring-boot-starter-data-ldap/4.0.5/spring-boot-starter-data-ldap-4.0.5.jar:/home/flacreuse/.m2/repository/org/springframework/boot/spring-boot-data-ldap/4.0.5/spring-boot-data-ldap-4.0.5.jar:/home/flacreuse/.m2/repository/org/springframework/data/spring-data-ldap/4.0.4/spring-data-ldap-4.0.4.jar:/home/flacreuse/.m2/repository/org/springframework/boot/spring-boot-ldap/4.0.5/spring-boot-ldap-4.0.5.jar:/home/flacreuse/.m2/repository/org/springframework/ldap/spring-ldap-core/4.0.2/spring-ldap-core-4.0.2.jar:/home/flacreuse/.m2/repository/org/springframework/boot/spring-boot-starter-mail/4.0.5/spring-boot-starter-mail-4.0.5.jar:/home/flacreuse/.m2/repository/org/springframework/boot/spring-boot-mail/4.0.5/spring-boot-mail-4.0.5.jar:/home/flacreuse/.m2/repository/jakarta/mail/jakarta.mail-api/2.1.5/jakarta.mail-api-2.1.5.jar:/home/flacreuse/.m2/repository/org/eclipse/angus/angus-mail/2.0.5/angus-mail-2.0.5.jar:/home/flacreuse/.m2/repository/org/eclipse/angus/angus-activation/2.0.3/angus-activation-2.0.3.jar:/home/flacreuse/.m2/repository/org/springframework/boot/spring-boot-starter-security/4.0.5/spring-boot-starter-security-4.0.5.jar:/home/flacreuse/.m2/repository/org/springframework/boot/spring-boot-security/4.0.5/spring-boot-security-4.0.5.jar:/home/flacreuse/.m2/repository/org/springframework/spring-aop/7.0.7/spring-aop-7.0.7.jar:/home/flacreuse/.m2/repository/org/springframework/boot/spring-boot-flyway/4.0.5/spring-boot-flyway-4.0.5.jar:/home/flacreuse/.m2/repository/org/springframework/boot/spring-boot/4.0.5/spring-boot-4.0.5.jar:/home/flacreuse/.m2/repository/org/flywaydb/flyway-core/11.20.3/flyway-core-11.20.3.jar:/home/flacreuse/.m2/repository/org/flywaydb/flyway-database-postgresql/11.20.3/flyway-database-postgresql-11.20.3.jar:/home/flacreuse/.m2/repository/org/springframework/boot/spring-boot-starter-tomcat/4.0.5/spring-boot-starter-tomcat-4.0.5.jar:/home/flacreuse/.m2/repository/org/springframework/boot/spring-boot-starter-tomcat-runtime/4.0.5/spring-boot-starter-tomcat-runtime-4.0.5.jar:/home/flacreuse/.m2/repository/org/springframework/boot/spring-boot-web-server/4.0.5/spring-boot-web-server-4.0.5.jar:/home/flacreuse/.m2/repository/org/apache/tomcat/embed/tomcat-embed-core/11.0.20/tomcat-embed-core-11.0.20.jar:/home/flacreuse/.m2/repository/org/apache/tomcat/embed/tomcat-embed-el/11.0.20/tomcat-embed-el-11.0.20.jar:/home/flacreuse/.m2/repository/org/apache/tomcat/embed/tomcat-embed-websocket/11.0.20/tomcat-embed-websocket-11.0.20.jar:/home/flacreuse/.m2/repository/org/springframework/boot/spring-boot-tomcat/4.0.5/spring-boot-tomcat-4.0.5.jar:/home/flacreuse/.m2/repository/jakarta/xml/bind/jakarta.xml.bind-api/4.0.5/jakarta.xml.bind-api-4.0.5.jar:/home/flacreuse/.m2/repository/jakarta/activation/jakarta.activation-api/2.1.4/jakarta.activation-api-2.1.4.jar
Launcher Type: SUN_STANDARD

[Global flags]
     intx CICompilerCount                          = 12                                        {product} {ergonomic}
     uint ConcGCThreads                            = 3                                         {product} {ergonomic}
     uint G1ConcRefinementThreads                  = 13                                        {product} {ergonomic}
   size_t G1HeapRegionSize                         = 4194304                                   {product} {ergonomic}
   size_t InitialHeapSize                          = 524288000                                 {product} {ergonomic}
   size_t MarkStackSize                            = 4194304                                   {product} {ergonomic}
   size_t MarkStackSizeMax                         = 536870912                                 {product} {ergonomic}
   size_t MaxHeapSize                              = 8325693440                                {product} {ergonomic}
   size_t MaxNewSize                               = 4995416064                                {product} {ergonomic}
   size_t MinHeapDeltaBytes                        = 4194304                                   {product} {ergonomic}
   size_t MinHeapSize                              = 8388608                                   {product} {ergonomic}
    uintx NonNMethodCodeHeapSize                   = 7606272                                {pd product} {ergonomic}
    uintx NonProfiledCodeHeapSize                  = 122028032                              {pd product} {ergonomic}
    uintx ProfiledCodeHeapSize                     = 122028032                              {pd product} {ergonomic}
    uintx ReservedCodeCacheSize                    = 251662336                              {pd product} {ergonomic}
     bool SegmentedCodeCache                       = true                                      {product} {ergonomic}
     bool ShowCodeDetailsInExceptionMessages       = true                                   {manageable} {command line}
   size_t SoftMaxHeapSize                          = 8325693440                             {manageable} {ergonomic}
     bool UseCompressedOops                        = true                           {product lp64_product} {ergonomic}
     bool UseG1GC                                  = true                                      {product} {ergonomic}

Logging:
Log output configuration:
 #0: stdout all=warning uptime,level,tags foldmultilines=false
 #1: stderr all=off uptime,level,tags foldmultilines=false

Release file:
IMPLEMENTOR="Eclipse Adoptium"
IMPLEMENTOR_VERSION="Temurin-25.0.3+9"
JAVA_RUNTIME_VERSION="25.0.3+9-LTS"
JAVA_VERSION="25.0.3"
JAVA_VERSION_DATE="2026-04-21"
LIBC="gnu"
MODULES="java.base java.compiler java.datatransfer java.xml java.prefs java.desktop java.instrument java.logging java.management java.security.sasl java.naming java.rmi java.management.rmi java.net.http java.scripting java.security.jgss java.transaction.xa java.sql java.sql.rowset java.xml.crypto java.se java.smartcardio jdk.accessibility jdk.internal.jvmstat jdk.attach jdk.charsets jdk.internal.opt jdk.zipfs jdk.compiler jdk.crypto.cryptoki jdk.crypto.ec jdk.dynalink jdk.internal.ed jdk.editpad jdk.internal.vm.ci jdk.graal.compiler jdk.graal.compiler.management jdk.hotspot.agent jdk.httpserver jdk.incubator.vector jdk.internal.le jdk.internal.md jdk.jartool jdk.javadoc jdk.jcmd jdk.management jdk.management.agent jdk.jconsole jdk.jdeps jdk.jdwp.agent jdk.jdi jdk.jfr jdk.jlink jdk.jpackage jdk.jshell jdk.jsobject jdk.jstatd jdk.localedata jdk.management.jfr jdk.naming.dns jdk.naming.rmi jdk.net jdk.nio.mapmode jdk.sctp jdk.security.auth jdk.security.jgss jdk.unsupported jdk.unsupported.desktop jdk.xml.dom"
OS_ARCH="x86_64"
OS_NAME="Linux"
SOURCE=".:git:cda0a1776184"
BUILD_SOURCE="git:a612825ee82a20ac872d60958c349854c1f29a8e"
BUILD_SOURCE_REPO="https://github.com/adoptium/temurin-build.git"
SOURCE_REPO="https://github.com/adoptium/jdk25u.git"
FULL_VERSION="25.0.3+9-LTS"
SEMANTIC_VERSION="25.0.3+9"
BUILD_INFO="OS: Linux Version: 6.8.0-1051-azure"
JVM_VARIANT="Hotspot"
JVM_VERSION="25.0.3+9-LTS"
IMAGE_TYPE="JDK"

Environment Variables:
JAVA_HOME=/home/flacreuse/Documents/apps/jdk-17
PATH=/home/flacreuse/.bin:/home/flacreuse/.local/bin:/home/flacreuse/bin:/usr/local/bin:/usr/bin
USERNAME=flacreuse
SHELL=/bin/bash
DISPLAY=:0
WAYLAND_DISPLAY=wayland-0
LANG=fr_FR.UTF-8

Active Locale:
LC_ALL=fr_FR.UTF-8
LC_COLLATE=fr_FR.UTF-8
LC_CTYPE=fr_FR.UTF-8
LC_MESSAGES=fr_FR.UTF-8
LC_MONETARY=fr_FR.UTF-8
LC_NUMERIC=fr_FR.UTF-8
LC_TIME=fr_FR.UTF-8

Signal Handlers:
   SIGSEGV: crash_handler in libjvm.so, mask=11100100010111111101111111111110, flags=SA_RESTART|SA_SIGINFO, unblocked
    SIGBUS: crash_handler in libjvm.so, mask=11100100010111111101111111111110, flags=SA_RESTART|SA_SIGINFO, unblocked
    SIGFPE: crash_handler in libjvm.so, mask=11100100010111111101111111111110, flags=SA_RESTART|SA_SIGINFO, unblocked
   SIGPIPE: javaSignalHandler in libjvm.so, mask=11100100010111111101111111111110, flags=SA_RESTART|SA_SIGINFO, blocked
   SIGXFSZ: javaSignalHandler in libjvm.so, mask=11100100010111111101111111111110, flags=SA_RESTART|SA_SIGINFO, blocked
    SIGILL: crash_handler in libjvm.so, mask=11100100010111111101111111111110, flags=SA_RESTART|SA_SIGINFO, unblocked
   SIGUSR2: SR_handler in libjvm.so, mask=00000000000000000000000000000000, flags=SA_RESTART|SA_SIGINFO, blocked
    SIGHUP: UserHandler in libjvm.so, mask=11100100010111111101111111111110, flags=SA_RESTART|SA_SIGINFO, blocked
    SIGINT: UserHandler in libjvm.so, mask=11100100010111111101111111111110, flags=SA_RESTART|SA_SIGINFO, blocked
   SIGTERM: UserHandler in libjvm.so, mask=11100100010111111101111111111110, flags=SA_RESTART|SA_SIGINFO, blocked
   SIGQUIT: UserHandler in libjvm.so, mask=11100100010111111101111111111110, flags=SA_RESTART|SA_SIGINFO, blocked
   SIGTRAP: crash_handler in libjvm.so, mask=11100100010111111101111111111110, flags=SA_RESTART|SA_SIGINFO, unblocked


Compilation memory statistics disabled.

Periodic native trim disabled

---------------  S Y S T E M  ---------------

OS:
Fedora release 43 (Forty Three)
uname: Linux 7.0.9-104.fc43.x86_64 #1 SMP PREEMPT_DYNAMIC Tue May 19 20:42:50 UTC 2026 x86_64
OS uptime: 0 days 2:11 hours
libc: glibc 2.42 NPTL 2.42 
rlimit (soft/hard): STACK 8192k/infinity , CORE infinity/infinity , NPROC 126745/126745 , NOFILE 4096/4096 , AS infinity/infinity , CPU infinity/infinity , DATA infinity/infinity , FSIZE infinity/infinity , MEMLOCK 8192k/8192k
load average: 0,78 0,75 0,67

/proc/meminfo:
MemTotal:       32509156 kB
MemFree:         1288964 kB
MemAvailable:    8570660 kB
Buffers:         1386500 kB
Cached:          7146680 kB
SwapCached:            0 kB
Active:         23079916 kB
Inactive:        5302564 kB
Active(anon):   20451820 kB
Inactive(anon):   911816 kB
Active(file):    2628096 kB
Inactive(file):  4390748 kB
Unevictable:     1057736 kB
Mlocked:            6240 kB
SwapTotal:      16580600 kB
SwapFree:       16580568 kB
Zswap:                 0 kB
Zswapped:              0 kB
Dirty:              1748 kB
Writeback:           216 kB
AnonPages:      20906888 kB
Mapped:          1492056 kB
Shmem:           1509256 kB
KReclaimable:     894792 kB
Slab:            1282792 kB
SReclaimable:     894792 kB
SUnreclaim:       388000 kB
KernelStack:       46144 kB
PageTables:       174944 kB
SecPageTables:      2076 kB
NFS_Unstable:          0 kB
Bounce:                0 kB
WritebackTmp:          0 kB
CommitLimit:    32835176 kB
Committed_AS:   52997512 kB
VmallocTotal:   34359738367 kB
VmallocUsed:      137004 kB
VmallocChunk:          0 kB
Percpu:            18752 kB
HardwareCorrupted:     0 kB
AnonHugePages:         0 kB
ShmemHugePages:   960512 kB
ShmemPmdMapped:        0 kB
FileHugePages:     65536 kB
FilePmdMapped:         0 kB
CmaTotal:              0 kB
CmaFree:               0 kB
Unaccepted:            0 kB
Balloon:               0 kB
HugePages_Total:       0
HugePages_Free:        0
HugePages_Rsvd:        0
HugePages_Surp:        0
Hugepagesize:       2048 kB
Hugetlb:               0 kB
DirectMap4k:      446720 kB
DirectMap2M:    14940160 kB
DirectMap1G:    18874368 kB

/sys/kernel/mm/transparent_hugepage/enabled: always [madvise] never
/sys/kernel/mm/transparent_hugepage/hpage_pmd_size: 2097152
/sys/kernel/mm/transparent_hugepage/shmem_enabled: always within_size advise [never] deny force
/sys/kernel/mm/transparent_hugepage/defrag (defrag/compaction efforts parameter): always defer defer+madvise [madvise] never

Process Memory:
Virtual Size: 16917592K (peak: 16917696K)
Resident Set Size: 909768K (peak: 909768K) (anon: 879464K, file: 30272K, shmem: 32K)
Swapped out: 0K
C-Heap outstanding allocations: 121350K, retained: 427061K
glibc malloc tunables: (default)

/proc/sys/kernel/threads-max (system-wide limit on the number of threads): 253490
/proc/sys/vm/max_map_count (maximum number of memory map areas a process may have): 1048576
/proc/sys/vm/swappiness (control to define how aggressively the kernel swaps out anonymous memory): 10
/proc/sys/kernel/pid_max (system-wide limit on number of process identifiers): 4194304

container information not found.
Steal ticks since vm start: 0
Steal ticks percentage since vm start:  0,000

CPU: total 16 (initial active 16) (16 cores per cpu, 1 threads per core) family 6 model 154 stepping 3 microcode 0x43b, cx8, cmov, fxsr, mmx, 3dnowpref, sse, sse2, sse3, ssse3, sse4.1, sse4.2, popcnt, lzcnt, tsc, tscinvbit, avx, avx2, aes, erms, clmul, bmi1, bmi2, adx, sha, fma, vzeroupper, clflush, clflushopt, clwb, serialize, rdtscp, rdpid, fsrm, gfni, f16c, pku, ospke, cet_ibt, cet_ss
CPU Model and flags from /proc/cpuinfo:
model name	: 12th Gen Intel(R) Core(TM) i7-1270P
flags		: fpu vme de pse tsc msr pae mce cx8 apic sep mtrr pge mca cmov pat pse36 clflush dts acpi mmx fxsr sse sse2 ss ht tm pbe syscall nx pdpe1gb rdtscp lm constant_tsc art arch_perfmon pebs bts rep_good nopl xtopology nonstop_tsc cpuid aperfmperf tsc_known_freq pni pclmulqdq dtes64 monitor ds_cpl vmx smx est tm2 ssse3 sdbg fma cx16 xtpr pdcm pcid sse4_1 sse4_2 x2apic movbe popcnt tsc_deadline_timer aes xsave avx f16c rdrand lahf_lm abm 3dnowprefetch cpuid_fault epb ssbd ibrs ibpb stibp ibrs_enhanced tpr_shadow flexpriority ept vpid ept_ad fsgsbase tsc_adjust bmi1 avx2 smep bmi2 erms invpcid rdseed adx smap clflushopt clwb intel_pt sha_ni xsaveopt xsavec xgetbv1 xsaves split_lock_detect user_shstk avx_vnni dtherm ida arat pln pts hwp hwp_notify hwp_act_window hwp_epp hwp_pkg_req hfi vnmi umip pku ospke waitpkg gfni vaes vpclmulqdq rdpid movdiri movdir64b fsrm md_clear serialize pconfig arch_lbr ibt flush_l1d arch_capabilities

Online cpus: 0-15
Offline cpus: 
BIOS frequency limitation: <Not Available>
Frequency switch latency (ns): 0
Available cpu frequencies: <Not Available>
Current governor: performance
Core performance/turbo boost: <Not Available>

Memory: 4k page, physical 32509156k(8570660k free), swap 16580600k(16580568k free)
Page Sizes: 4k

vm_info: OpenJDK 64-Bit Server VM (25.0.3+9-LTS) for linux-amd64 JRE (25.0.3+9-LTS), built on 2026-04-21T00:00:00Z with gcc 14.2.0

END.
